pTHUMB_BONE3_X,pTHUMB_BONE3_Y,pTHUMB_BONE3_Z,pINDEX_BONE3_X,pINDEX_BONE3_Y,pINDEX_BONE3_Z,pMIDDLE_BONE3_X,pMIDDLE_BONE3_Y,pMIDDLE_BONE3_Z,pRING_BONE3_X,pRING_BONE3_Y,pRING_BONE3_Z,pPINKY_BONE3_X,pPINKY_BONE3_Y,pPINKY_BONE3_Z,target
-0.267263,0.151416,0.3419827,-0.3624164,0.7804726,0.1513497,-0.06925178,0.8651844,0.2984988,-0.03136702,-0.005084469,0.3392864,-0.189769,0.008208707,0.3706122,TWO
-0.2439509,0.08389327,0.3851865,-0.4433357,0.7491981,0.142759,-0.1033336,0.8562387,0.3121612,-0.02259968,-0.01115427,0.3421637,-0.1611621,-0.005577371,0.3574271,TWO
-0.2277316,0.03996294,0.4086633,-0.5102398,0.7122669,0.1325161,-0.1365037,0.8408502,0.3316403,-0.01835293,-0.00747599,0.3485264,-0.1389841,0.01800039,0.3496478,TWO
-0.229416,0.01850727,0.4191275,-0.512661,0.6996408,0.1708345,-0.1321598,0.8167585,0.3827921,-0.02138889,-0.02813402,0.355683,-0.1307062,0.02815534,0.3462524,TWO
-0.2384033,0.009749262,0.4187185,-0.5086263,0.6903217,0.2039191,-0.1323211,0.8014842,0.4130074,-0.02368239,-0.04280116,0.3564247,-0.1287878,0.02120259,0.3424296,TWO
-0.2468276,0.01388513,0.4098443,-0.4964759,0.6910778,0.2259584,-0.1261151,0.7912644,0.4339818,-0.02363445,-0.0521632,0.3522151,-0.1312015,-0.002599108,0.3393096,TWO
-0.2612394,0.02555363,0.3965199,-0.4985626,0.6914613,0.2234313,-0.1331995,0.7852017,0.4420555,-0.02343048,-0.05105655,0.349225,-0.1419852,-0.02574084,0.3425827,TWO
-0.2693444,0.03524483,0.3878571,-0.4963175,0.6939096,0.2218939,-0.1351731,0.7814182,0.4473096,-0.02364457,-0.05052383,0.3479406,-0.1507701,-0.04018001,0.3474795,TWO
-0.2756833,0.04500571,0.3799631,-0.4916689,0.7000852,0.2150781,-0.1309021,0.7832642,0.4451806,-0.02513783,-0.04939016,0.346434,-0.1570962,-0.0469593,0.3483236,TWO
-0.278571,0.05051246,0.3747237,-0.4909424,0.7036033,0.2070864,-0.1289846,0.7867529,0.4397004,-0.02761879,-0.04748301,0.3455837,-0.1603584,-0.04808302,0.3458529,TWO
-0.2933052,0.05507085,0.3621684,-0.4762237,0.7142992,0.2054926,-0.1205391,0.7889838,0.4408185,-0.03921488,-0.05073806,0.3452951,-0.1691686,-0.050057,0.3327958,TWO
-0.3033076,0.0559422,0.3593887,-0.4836029,0.7159057,0.1871595,-0.1289827,0.8010876,0.4194346,-0.04625514,-0.04408696,0.3461425,-0.177541,-0.04731073,0.3306606,TWO
-0.3041221,0.04560548,0.3717454,-0.5021334,0.7093325,0.1720696,-0.1350958,0.8078873,0.4051087,-0.04801217,-0.04024754,0.3331228,-0.1729567,-0.06103994,0.3168224,TWO
-0.29727,0.03598655,0.3836566,-0.5210086,0.7021198,0.1533218,-0.1425199,0.8147905,0.3889614,-0.04544662,-0.03498084,0.3339911,-0.1693137,-0.0618928,0.3166262,TWO
-0.2777338,0.03816622,0.3938108,-0.5195264,0.705372,0.1414334,-0.1369721,0.8225541,0.3729151,-0.04087952,-0.02633042,0.3431173,-0.162864,-0.04776264,0.3211382,TWO
-0.2570363,0.03796693,0.4008309,-0.5016372,0.7084666,0.1692771,-0.1183715,0.8168258,0.3878315,-0.03087904,-0.03217296,0.3504336,-0.1488666,-0.04127837,0.327508,TWO
-0.2598054,0.04032764,0.3948701,-0.489176,0.7110605,0.1805048,-0.1136756,0.8124679,0.3970474,-0.03356109,-0.03548204,0.3523038,-0.1467728,-0.03468676,0.3273639,TWO
-0.2708193,0.04292888,0.3877524,-0.4891905,0.7124006,0.1749881,-0.1195929,0.8114961,0.3980038,-0.03985079,-0.03452586,0.3523791,-0.1535115,-0.03172722,0.3259572,TWO
-0.2787551,0.04591615,0.3831329,-0.4916822,0.7128873,0.1681444,-0.1258423,0.8127155,0.3945814,-0.0435419,-0.03182011,0.3518109,-0.1591184,-0.03098076,0.3257065,TWO
-0.2844822,0.04946623,0.3779427,-0.4911842,0.7131084,0.1696984,-0.1342563,0.8108484,0.3968483,-0.04788619,-0.03201277,0.3522677,-0.1646265,-0.03523322,0.3262601,TWO
-0.2869315,0.0497987,0.3758019,-0.4890746,0.7142727,0.1743639,-0.1336655,0.8089164,0.4017996,-0.04858718,-0.03372963,0.3525431,-0.1658147,-0.03854301,0.3258553,TWO
-0.2941622,0.04403696,0.3748294,-0.4871261,0.7139594,0.1841665,-0.1291807,0.8037476,0.4144397,-0.04983576,-0.04156535,0.3497819,-0.1684208,-0.04916788,0.3234766,TWO
-0.2991097,0.0472612,0.3756512,-0.4954571,0.714604,0.1637651,-0.1317686,0.8146762,0.3926222,-0.04732079,-0.03341351,0.3499473,-0.1706528,-0.04328481,0.3268482,TWO
-0.3008092,0.04080087,0.3809745,-0.501349,0.7142091,0.1557067,-0.1290939,0.8156924,0.3913653,-0.04885013,-0.03407751,0.3483975,-0.1733622,-0.04847497,0.3277241,TWO
-0.2996098,0.04050087,0.3831021,-0.5044146,0.7135551,0.1507587,-0.1299278,0.8182194,0.3858325,-0.04774409,-0.03155091,0.3484387,-0.1727636,-0.04732708,0.3280502,TWO
-0.2933343,0.0455287,0.3823115,-0.5014693,0.7143971,0.1509421,-0.1308991,0.8196263,0.381884,-0.04618957,-0.02877194,0.3502705,-0.1680309,-0.04086652,0.3253435,TWO
-0.2895269,0.0472977,0.3804096,-0.4949989,0.7151822,0.1622679,-0.1240267,0.8186834,0.3862566,-0.04488707,-0.03185092,0.3502648,-0.166021,-0.04068144,0.3239003,TWO
-0.2973241,0.04834606,0.3755654,-0.4881923,0.7173215,0.1715127,-0.1236322,0.8129653,0.399001,-0.04806572,-0.03747995,0.3494705,-0.170706,-0.04783847,0.3244889,TWO
-0.3010857,0.04974064,0.3765782,-0.4898373,0.7193872,0.1622073,-0.1220185,0.8150021,0.3954758,-0.05184717,-0.03566166,0.3489042,-0.1771085,-0.04935864,0.3282601,TWO
-0.2951272,0.05544811,0.3767725,-0.4964803,0.7184988,0.146952,-0.1229659,0.8195745,0.3844983,-0.0520278,-0.03016652,0.3486198,-0.1802013,-0.04664318,0.3316502,TWO
-0.295492,0.06343975,0.374809,-0.4271824,0.7525531,0.1957156,-0.04964209,0.8039097,0.4352216,-0.04750422,-0.05459501,0.3317,-0.1794727,-0.05528839,0.3298407,TWO
-0.3860293,0.392998,0.02265215,-0.1138321,0.793308,0.3451624,-0.3902149,0.2689934,0.4313429,-0.119172,-0.07343191,0.2866649,-0.2303002,-0.03611973,0.2354368,TWO
-0.3796372,0.4506483,-0.2247273,-0.1056725,0.7988683,0.3059383,-0.3061818,0.05908942,0.1653471,-0.1167588,-0.04665977,0.2902693,-0.2194614,-0.02038385,0.2166501,TWO
-0.3883554,0.4423813,-0.1974884,-0.108102,0.8044945,0.2936551,-0.3094407,0.06146056,0.1633182,-0.1172101,-0.04313979,0.2887086,-0.2204042,-0.01972317,0.2187886,TWO
-0.3941105,0.4367217,-0.1856298,-0.1109362,0.8073851,0.2871228,-0.3109766,0.05948516,0.1617551,-0.11869,-0.04120278,0.2860616,-0.2227904,-0.01886818,0.2175042,TWO
-0.3992148,0.4303121,-0.1791645,-0.1229998,0.8078133,0.2835255,-0.3119165,0.05375542,0.1614442,-0.1210414,-0.04182909,0.2844388,-0.2255961,-0.0205931,0.2160378,TWO
-0.4031213,0.424952,-0.1759213,-0.1350049,0.8062403,0.2830535,-0.3131331,0.04939134,0.1603456,-0.1226936,-0.04322107,0.2837881,-0.2271224,-0.02322348,0.2149051,TWO
-0.4097339,0.4228216,-0.1773479,-0.1459673,0.7997366,0.2957362,-0.3126712,0.04286774,0.1626144,-0.120979,-0.04881669,0.2845336,-0.2258364,-0.02914233,0.2160951,TWO
-0.4083188,0.4157675,-0.1704425,-0.1653097,0.7973142,0.2914375,-0.3165528,0.03860651,0.1556659,-0.1260154,-0.05002145,0.282435,-0.2296194,-0.03216704,0.211424,TWO
-0.4078573,0.38912,-0.1433697,-0.2290542,0.7840334,0.2812942,-0.3291435,0.02260759,0.1285222,-0.1444228,-0.0575401,0.2713376,-0.2432062,-0.0449621,0.1916482,TWO
-0.3979478,0.3252375,-0.1589499,-0.3544995,0.7712324,0.156446,-0.3451333,-0.002819966,0.04729154,-0.1994225,-0.05896359,0.2384786,-0.2743812,-0.05931004,0.134182,TWO
-0.4163245,0.2431493,-0.09006876,-0.3822402,0.7720469,0.05181675,-0.3589769,-0.01195073,-0.004450332,-0.2464653,-0.04765695,0.2096775,-0.3039404,-0.05469691,0.09642458,TWO
-0.3863698,0.1593615,0.0476669,-0.28392,0.802503,0.09225435,-0.3736832,0.04716262,-0.02654251,-0.2771073,-0.02346899,0.1857194,-0.3237274,-0.01766934,0.07147973,TWO
-0.3765341,0.1234406,0.1488314,-0.2580116,0.8173502,0.05831831,-0.3861311,0.2063236,0.05148499,-0.2646959,0.01306331,0.2159999,-0.329555,0.0149079,0.117343,TWO
-0.3698922,0.12326,0.1675894,-0.2980588,0.7998579,0.05602158,-0.3566382,0.4497179,0.1457742,-0.2738141,0.004560051,0.2144048,-0.3453403,0.01669538,0.1203438,TWO
-0.3828135,0.2225744,-0.04255826,-0.2653791,0.8119352,0.005745621,-0.3331328,0.5108086,0.008274822,-0.3171575,0.0008808246,0.09002231,-0.3462876,0.02276044,-0.03006842,TWO
-0.3015855,0.3158113,-0.2028048,-0.2197655,0.8255402,-0.04595004,-0.3442652,0.4099875,-0.1210687,-0.3187858,0.01376001,0.03276682,-0.3146961,0.02337064,-0.09486435,TWO
-0.2364304,0.3352889,-0.2644953,-0.173706,0.842356,-0.05010581,-0.3038515,0.330609,-0.2043086,-0.318151,0.02296329,-0.02638256,-0.2890166,0.04037195,-0.151957,TWO
-0.2329321,0.3259537,-0.2802081,-0.1660657,0.8476322,-0.04657422,-0.2846842,0.2795906,-0.2283895,-0.3207163,0.02243295,-0.03878377,-0.2851606,0.04479267,-0.1636597,TWO
-0.2380059,0.3154229,-0.2719828,-0.1526512,0.8534455,-0.01389485,-0.266506,0.2779745,-0.2359001,-0.3197424,0.02618231,-0.06389473,-0.2758467,0.05490947,-0.184472,TWO
-0.2194101,0.3013851,-0.2901363,-0.1314609,0.8607293,-0.01940421,-0.287147,0.513153,-0.1195639,-0.3093647,0.03650078,-0.1160286,-0.2505386,0.06982662,-0.2278061,TWO
-0.1937167,0.2764137,-0.3350461,-0.06941837,0.8790016,-0.04424502,-0.2849783,0.5436332,-0.1200424,-0.2960728,0.06401251,-0.1859929,-0.2287613,0.114879,-0.2898851,TWO
-0.1760036,0.2876038,-0.3406239,-0.07348289,0.8773764,-0.03215993,-0.2750804,0.5514791,-0.1326154,-0.3051732,0.09387215,-0.2166075,-0.2352655,0.1526033,-0.315594,TWO
-0.1599887,0.2949066,-0.3441899,-0.08195575,0.8742808,-0.0302779,-0.2680591,0.5570233,-0.14164,-0.3024385,0.1076803,-0.2372321,-0.2289477,0.1676896,-0.3324488,TWO
-0.1159773,0.3013866,-0.3510639,-0.07675721,0.8722163,-0.02468157,-0.2733392,0.6232174,-0.1870936,-0.2718095,0.130081,-0.2847573,-0.1874164,0.1932236,-0.3656083,TWO
-0.1148618,0.3121697,-0.3357693,-0.083307,0.8703075,0.01191921,-0.4224323,0.7797945,0.002997458,-0.269173,0.1498838,-0.2921281,-0.186471,0.219172,-0.3674908,TWO
-0.1156446,0.3131821,-0.3314242,-0.07916565,0.870459,0.01838949,-0.4321435,0.7959109,0.08338401,-0.266326,0.1517592,-0.2944035,-0.1851434,0.2235347,-0.3674444,TWO
-0.1295901,0.3127702,-0.3229505,-0.08882282,0.86888,0.03306042,-0.431632,0.7905025,0.1310798,-0.2752794,0.1562081,-0.2868061,-0.1969379,0.2307618,-0.3603708,TWO
-0.140565,0.3092123,-0.3212609,-0.0946927,0.8686542,0.03366755,-0.4356265,0.7906919,0.1192876,-0.2808176,0.1490643,-0.2795942,-0.2034193,0.2225131,-0.3561579,TWO
-0.1451249,0.3063286,-0.3235681,-0.1048553,0.8674506,0.02351994,-0.4407149,0.7892075,0.1050378,-0.2836715,0.139657,-0.2759232,-0.2054306,0.2096993,-0.3557503,TWO
-0.1537869,0.3022406,-0.3256212,-0.1075854,0.8680283,0.01683638,-0.4461351,0.7844747,0.1084424,-0.291948,0.1333389,-0.267373,-0.2162631,0.2023531,-0.3510767,TWO
-0.1630822,0.3006173,-0.3241709,-0.106438,0.8700137,0.01493871,-0.4533029,0.7775167,0.1232522,-0.298406,0.1238733,-0.2561884,-0.2262552,0.1925432,-0.3431481,TWO
-0.1654346,0.3029458,-0.3224126,-0.1033482,0.8710511,0.0110936,-0.4522764,0.776593,0.1275703,-0.2994235,0.117926,-0.2496288,-0.2281673,0.1851518,-0.338503,TWO
-0.1670013,0.3035866,-0.3221041,-0.1053633,0.870981,0.007987849,-0.453543,0.7755036,0.1296362,-0.2997577,0.1124593,-0.2452479,-0.2285357,0.178256,-0.3352081,TWO
-0.184992,0.2988353,-0.3207751,-0.1203736,0.8696442,-0.0007218164,-0.4606327,0.7695409,0.1329562,-0.3114878,0.09474587,-0.2225958,-0.2426659,0.1550929,-0.3203154,TWO
-0.1923867,0.29776,-0.3198254,-0.1295752,0.8681703,-0.0005777375,-0.4639684,0.7665669,0.136261,-0.3170922,0.08755354,-0.2089993,-0.249817,0.14536,-0.3110351,TWO
-0.1910751,0.2987483,-0.3203609,-0.1318242,0.8674688,0.0006483551,-0.4640309,0.7666947,0.136642,-0.3186384,0.08884764,-0.2061558,-0.2518034,0.1466264,-0.3096512,TWO
-0.1901025,0.3014122,-0.3172731,-0.1272539,0.8677459,0.01063009,-0.4634505,0.7650553,0.1442045,-0.3202821,0.09756157,-0.2069599,-0.2547106,0.1580979,-0.3104033,TWO
-0.1908494,0.2982746,-0.3176542,-0.1285975,0.867161,0.01232301,-0.4689838,0.7618007,0.1416566,-0.3190655,0.100837,-0.2099199,-0.2539804,0.1642713,-0.3127304,TWO
-0.1934377,0.2853696,-0.3220443,-0.1345649,0.8661219,0.001457377,-0.4753536,0.7620448,0.1234109,-0.3157902,0.1005894,-0.2141425,-0.2488896,0.1659602,-0.3158925,TWO
-0.1949582,0.2817155,-0.3222794,-0.1349013,0.8661129,0.001847907,-0.4740024,0.7635778,0.1254721,-0.3169026,0.1032785,-0.2147368,-0.2498893,0.1695875,-0.3160907,TWO
-0.1957431,0.2799866,-0.3224278,-0.1354224,0.8659548,0.002489627,-0.471813,0.7655396,0.1253494,-0.3172013,0.1038885,-0.2142641,-0.2493387,0.1695378,-0.3152864,TWO
-0.1941374,0.2788849,-0.3253506,-0.1333917,0.8662077,-0.004304358,-0.4681565,0.7688892,0.1199936,-0.31669,0.1028266,-0.2161544,-0.2487464,0.1674763,-0.3172637,TWO
-0.189763,0.2862734,-0.3236984,-0.1233463,0.8676842,0.00312329,-0.4604197,0.7715374,0.1326012,-0.3157735,0.1076454,-0.2181009,-0.2488729,0.1736469,-0.3183774,TWO
-0.1877247,0.2972753,-0.3187774,-0.1131545,0.8693731,0.01621504,-0.4525671,0.7722772,0.1505765,-0.3155154,0.1093083,-0.2170874,-0.2502292,0.1756817,-0.3167727,TWO
-0.1892907,0.3125321,-0.309627,-0.1009799,0.871081,0.03274667,-0.440293,0.7737306,0.1682183,-0.3180013,0.1074803,-0.207703,-0.2548991,0.1723286,-0.3085422,TWO
-0.1849546,0.3200874,-0.3068815,-0.09533697,0.8714159,0.03588039,-0.4302676,0.7798547,0.1613591,-0.3135433,0.1009865,-0.2036691,-0.2478061,0.1632869,-0.3047757,TWO
-0.1837924,0.3227766,-0.3042625,-0.1049632,0.8682579,0.03094,-0.4210962,0.787597,0.1477081,-0.3091888,0.09084389,-0.1980135,-0.2404279,0.1502755,-0.2993709,TWO
-0.1816894,0.3246804,-0.3028098,-0.1057308,0.8671743,0.02695603,-0.4118817,0.7932957,0.1473306,-0.3059116,0.08878531,-0.1973206,-0.2349205,0.1466117,-0.2979988,TWO
-0.182356,0.3224202,-0.3036525,-0.1039996,0.8668631,0.01824115,-0.4036882,0.7986214,0.1450735,-0.3049892,0.08924599,-0.1967274,-0.2330577,0.1453124,-0.2973879,TWO
-0.184703,0.319586,-0.3054388,-0.1045616,0.8666169,0.01082298,-0.4026168,0.8004949,0.1401042,-0.3063415,0.08866114,-0.1948293,-0.235578,0.1440149,-0.2963888,TWO
-0.1839157,0.3175502,-0.3093431,-0.09688786,0.8692172,0.001374437,-0.4073898,0.7985527,0.1339787,-0.3091072,0.09008013,-0.1943952,-0.2383165,0.1447244,-0.2962803,TWO
-0.181507,0.3134077,-0.3149911,-0.09150753,0.870726,-0.0127671,-0.4105626,0.798852,0.1206031,-0.3098482,0.09088346,-0.1966104,-0.2389103,0.145514,-0.2983988,TWO
-0.1786413,0.3096659,-0.3185343,-0.08659854,0.8717687,-0.02276731,-0.4125225,0.7990567,0.113378,-0.3120335,0.09663004,-0.198109,-0.2416112,0.1527947,-0.2996595,TWO
-0.1799195,0.3063459,-0.3207054,-0.0855101,0.8717879,-0.02997268,-0.4119827,0.7999461,0.108777,-0.3135715,0.09684757,-0.1981199,-0.2437659,0.1521222,-0.3006738,TWO
-0.176095,0.3085834,-0.3208396,-0.08239916,0.872408,-0.02502565,-0.41263,0.7991091,0.1143181,-0.3123192,0.1014894,-0.2032987,-0.2422899,0.1579143,-0.3043686,TWO
-0.1779007,0.3082848,-0.318649,-0.07991839,0.8733441,-0.01910088,-0.4154838,0.7967742,0.1192616,-0.311656,0.1034818,-0.2049613,-0.2418617,0.1612717,-0.3058127,TWO
-0.1792635,0.306744,-0.3178485,-0.07923286,0.8740517,-0.01498989,-0.4191048,0.7947561,0.1202227,-0.3098608,0.1028768,-0.2076436,-0.2397849,0.1615096,-0.3082896,TWO
-0.1764292,0.2831056,-0.3375703,-0.08941764,0.8738486,-0.04102505,-0.4449157,0.7855514,0.08317477,-0.3068556,0.09782674,-0.2249496,-0.2363052,0.1569048,-0.3264219,TWO
-0.1715277,0.2779903,-0.3460359,-0.09493761,0.8730289,-0.0493084,-0.4480606,0.7856048,0.07092166,-0.3078055,0.09597552,-0.2294914,-0.2366054,0.1533336,-0.3313872,TWO
-0.1715843,0.2748912,-0.3491506,-0.09830273,0.8725607,-0.05361087,-0.4500041,0.7851751,0.06556018,-0.3089817,0.09456506,-0.2304011,-0.2374373,0.1507307,-0.3326088,TWO
-0.1740399,0.2764834,-0.3497454,-0.09602774,0.8717699,-0.05799769,-0.4353368,0.7940685,0.06143852,-0.3126723,0.08968913,-0.21633,-0.2417814,0.1403549,-0.3222756,TWO
-0.1817513,0.2792913,-0.3488082,-0.089765,0.8716796,-0.06221366,-0.41482,0.8044708,0.0722089,-0.3195213,0.08470703,-0.1933606,-0.251525,0.1293167,-0.304466,TWO
-0.2190621,0.2721629,-0.3478563,-0.08580516,0.8681554,-0.106444,-0.3790067,0.8222596,0.05916644,-0.3383834,0.07089251,-0.1284456,-0.2855437,0.1011192,-0.2527673,TWO
-0.2510635,0.2767019,-0.3414424,-0.09008919,0.8623953,-0.1363392,-0.3425803,0.8379997,0.05205752,-0.3419454,0.06158947,-0.0629395,-0.3056507,0.08015978,-0.1958274,TWO
-0.3703091,0.2736725,-0.189051,-0.1445091,0.8568208,-0.1087663,-0.2729909,0.8513995,0.1539758,-0.3190065,0.06168829,0.09611012,-0.3436509,0.07579736,-0.03935084,TWO
-0.4465655,0.195854,-0.03047435,-0.3248427,0.8056322,-0.09077067,-0.318208,0.8389189,0.1567079,-0.2503038,0.02344079,0.2178049,-0.3216518,0.007415562,0.1112728,TWO
-0.4306179,0.1377293,0.1014313,-0.4749633,0.732201,-0.03728871,-0.3580373,0.8328198,0.1545166,-0.1912038,0.01247396,0.2908904,-0.2669962,-0.03827523,0.2055217,TWO
-0.375406,0.1167319,0.238029,-0.5110267,0.7081308,0.04165208,-0.2539311,0.8580604,0.2066497,-0.1237875,0.02784894,0.3521185,-0.2299879,-0.03424434,0.3039068,TWO
-0.3266813,0.1278909,0.283621,-0.4785311,0.7286988,0.05176817,-0.1670715,0.8642918,0.237306,-0.106693,0.03307535,0.361472,-0.217279,-0.008894503,0.3359081,TWO
-0.2863265,0.1105806,0.326385,-0.4453084,0.7477715,0.08077543,-0.1344613,0.8569274,0.2789593,-0.09943395,0.01654585,0.3520952,-0.2136577,-0.003200069,0.3464626,TWO
-0.5486126,0.2667154,-0.07635685,-0.4923988,0.7242439,0.3289744,-0.297486,0.7773669,0.5150115,-0.1682285,-0.05582394,0.5789735,-0.1218857,0.556119,0.7233695,THREE
-0.5711164,0.2102325,-0.04096557,-0.516712,0.7203206,0.2961182,-0.3026758,0.7964877,0.4766188,-0.1471663,-0.03294194,0.5976579,-0.1111318,0.6135672,0.6770282,THREE
-0.5855407,0.1095533,0.03031487,-0.5811812,0.6872308,0.2430066,-0.3386718,0.813381,0.4119496,-0.1134266,0.01607238,0.6097481,-0.12454,0.6962666,0.5883652,THREE
-0.5715666,0.005584006,0.1176506,-0.653179,0.6431271,0.1664367,-0.3768214,0.8371601,0.3093962,-0.09922162,0.08561984,0.6112543,-0.1422536,0.7813442,0.4661849,THREE
-0.3479141,-0.03291871,0.3610009,-0.678602,0.6093335,0.1569865,-0.3981929,0.8328899,0.2846282,-0.07637975,0.1491018,0.6160097,-0.15054,0.8097387,0.4231918,THREE
-0.1891356,-0.09037303,0.452696,-0.6756776,0.6020935,0.1819593,-0.3924678,0.8301443,0.2960386,-0.07291949,0.1796394,0.623947,-0.1368435,0.8099378,0.4313277,THREE
-0.1973144,-0.106125,0.4581131,-0.6607956,0.6178753,0.1814191,-0.3756994,0.8353928,0.30527,-0.08025134,0.18292,0.6236826,-0.1266911,0.8038419,0.4473333,THREE
-0.236875,-0.09812959,0.4453574,-0.6527299,0.6265627,0.187086,-0.3650074,0.8374056,0.3166973,-0.07983175,0.1782616,0.6219124,-0.1173083,0.7994332,0.4592383,THREE
-0.2571977,-0.08808625,0.432074,-0.6502552,0.6285367,0.194393,-0.3619974,0.8355601,0.3284191,-0.08251698,0.1646955,0.6195586,-0.1172063,0.7912303,0.4737881,THREE
-0.2892114,-0.1146285,0.4151651,-0.6112959,0.6436678,0.2545398,-0.2997274,0.8201977,0.4157357,-0.1028778,0.04740007,0.6107811,-0.08821808,0.7186301,0.5831255,THREE
-0.2824027,-0.102842,0.4114482,-0.6058222,0.6428247,0.2639682,-0.3049411,0.8179702,0.4165852,-0.1016529,0.04207578,0.6100193,-0.08785105,0.7113807,0.5922767,THREE
-0.262529,-0.06388431,0.4004782,-0.599397,0.65205,0.2561955,-0.3102527,0.8206148,0.4087249,-0.1025051,0.04456162,0.6068941,-0.09013472,0.7129238,0.5900373,THREE
-0.2457727,-0.05115655,0.3946013,-0.6059088,0.6494509,0.2491219,-0.3230582,0.8217968,0.3963692,-0.1024573,0.04615454,0.6060069,-0.09972855,0.7211269,0.578438,THREE
-0.2521808,-0.05877425,0.4068237,-0.6325819,0.6377416,0.2152849,-0.3534445,0.8324231,0.3422009,-0.09051509,0.0794235,0.6076086,-0.1222689,0.7616576,0.5169094,THREE
-0.2494946,-0.07454236,0.4254658,-0.6527417,0.6271305,0.1893266,-0.3725006,0.8368834,0.309814,-0.08113255,0.133927,0.6142039,-0.1361632,0.789606,0.4676382,THREE
-0.2592745,-0.08144914,0.4288533,-0.6596788,0.6221603,0.1847921,-0.3764506,0.8368895,0.3064236,-0.08040699,0.156746,0.6133999,-0.1360404,0.7983598,0.453596,THREE
-0.2682714,-0.08083064,0.4236347,-0.6507674,0.6318785,0.1828617,-0.3621213,0.8377839,0.3210434,-0.09218217,0.1443984,0.6132118,-0.1311183,0.7906838,0.4687138,THREE
-0.2655071,-0.09347925,0.4232456,-0.6499199,0.6321012,0.1908733,-0.3554864,0.8303372,0.3471672,-0.09992768,0.106907,0.6136487,-0.1303242,0.7727891,0.4972661,THREE
-0.2545488,-0.1037228,0.4238145,-0.6359618,0.642724,0.2071696,-0.3328153,0.8267867,0.3774349,-0.1061697,0.07007235,0.6108242,-0.1142095,0.7500812,0.5357772,THREE
-0.2418832,-0.05669506,0.3983701,-0.6230069,0.6384085,0.2381511,-0.3474154,0.8186901,0.3811058,-0.09591505,0.04805838,0.6080434,-0.1142139,0.7352229,0.5576537,THREE
-0.2444905,-0.05789413,0.4017788,-0.6297182,0.6363108,0.2269887,-0.3544189,0.8231342,0.364413,-0.09460647,0.05501872,0.6054063,-0.1170732,0.7478468,0.5399433,THREE
-0.2487651,-0.06033305,0.4039731,-0.6366851,0.6330188,0.2191857,-0.3608063,0.8250148,0.3538682,-0.09422289,0.05799034,0.6015143,-0.1198225,0.7569485,0.5263023,THREE
-0.2393304,-0.08464968,0.4220648,-0.6685222,0.6069012,0.2025652,-0.3971057,0.8199071,0.3258868,-0.0818066,0.1088711,0.6138243,-0.1447699,0.7819244,0.4790546,THREE
-0.2566414,-0.09134533,0.4274672,-0.6736796,0.6034989,0.1937674,-0.4008457,0.8222198,0.3147331,-0.07561477,0.1510736,0.620723,-0.1483476,0.7942637,0.4567162,THREE
-0.2679385,-0.09332783,0.4222323,-0.6601557,0.6184286,0.1897628,-0.3799828,0.8268421,0.3267553,-0.08632986,0.1446408,0.6221811,-0.1405375,0.7880238,0.4695172,THREE
-0.2708881,-0.08933959,0.418063,-0.6532121,0.6262478,0.1865381,-0.3695249,0.8289081,0.3326252,-0.09569958,0.1339183,0.6200209,-0.1414252,0.7822085,0.478287,THREE
-0.2697609,-0.08960334,0.4197329,-0.6558406,0.6260594,0.1823473,-0.3701608,0.8295946,0.3310784,-0.09825078,0.1268032,0.6178851,-0.1437281,0.7813694,0.4787617,THREE
-0.2666633,-0.08816445,0.422351,-0.659058,0.625367,0.1774652,-0.3715716,0.8305159,0.3283201,-0.1009806,0.1148991,0.6120655,-0.146737,0.7803248,0.4795579,THREE
-0.2591054,-0.08881849,0.4216029,-0.6485496,0.6326894,0.1928823,-0.3584785,0.8291438,0.3470174,-0.1001604,0.08489329,0.6083149,-0.1325526,0.7698563,0.5014766,THREE
-0.2570382,-0.09079721,0.4257447,-0.6700054,0.6134814,0.1831347,-0.3856277,0.8263305,0.3236216,-0.09241999,0.1127067,0.6109505,-0.1507377,0.782295,0.4751491,THREE
-0.2509903,-0.0928918,0.4350496,-0.6766849,0.6021568,0.1884856,-0.3952434,0.8258762,0.3106796,-0.07520942,0.1468641,0.6161151,-0.1533398,0.7946817,0.4539784,THREE
-0.2591757,-0.09139675,0.4318555,-0.6701646,0.6089272,0.1856331,-0.3882741,0.829213,0.31015,-0.08148856,0.1516497,0.6154883,-0.1485654,0.7951128,0.4560043,THREE
-0.2670966,-0.08775828,0.4244067,-0.659593,0.620536,0.1846035,-0.3753841,0.8312989,0.3214841,-0.09424937,0.1328768,0.6098666,-0.1411756,0.7874098,0.4725661,THREE
-0.2655161,-0.08944457,0.4222257,-0.6551924,0.6252139,0.1890562,-0.3673818,0.8279248,0.3405812,-0.1028002,0.1010216,0.6037722,-0.1389742,0.7743943,0.4942902,THREE
-0.255846,-0.09433923,0.4206588,-0.6444243,0.6312488,0.210814,-0.3510109,0.82258,0.3707601,-0.1022546,0.06877802,0.6032314,-0.1235524,0.7558046,0.526454,THREE
-0.2414606,-0.09457904,0.4211858,-0.6536703,0.6233965,0.2110386,-0.359857,0.8212804,0.3655197,-0.1003262,0.06405564,0.6026219,-0.1260963,0.7547221,0.5271572,THREE
-0.2649258,-0.08870807,0.4149245,-0.653417,0.6243319,0.2110206,-0.3598889,0.8228632,0.362304,-0.09927607,0.06413028,0.6027826,-0.1232756,0.7546138,0.5281734,THREE
-0.2664778,-0.0776019,0.4058407,-0.6310532,0.6402429,0.2260624,-0.3378276,0.8216254,0.3862526,-0.1026208,0.05101934,0.6038682,-0.1034572,0.7362539,0.5585957,THREE
-0.2560159,-0.05593177,0.395499,-0.6264396,0.640123,0.2350496,-0.3400795,0.8165599,0.3954398,-0.09894338,0.06106411,0.6125017,-0.102415,0.7269973,0.5710999,THREE
-0.247305,-0.05287459,0.3926964,-0.6299761,0.634125,0.2397694,-0.3481323,0.8151497,0.3907157,-0.0968048,0.06634881,0.6169325,-0.1069841,0.7293768,0.5672764,THREE
-0.2443171,-0.05424287,0.3929234,-0.6241913,0.6358535,0.245997,-0.3442631,0.8158242,0.3917527,-0.09340475,0.06564122,0.6194258,-0.1026155,0.7314901,0.5655114,THREE
-0.2387982,-0.05638367,0.3943931,-0.618013,0.6374975,0.2553602,-0.3399686,0.8148061,0.3976074,-0.09030583,0.05913492,0.6184618,-0.09865427,0.7300702,0.5680972,THREE
-0.235894,-0.05674908,0.3959452,-0.6149793,0.6385535,0.2594797,-0.3375481,0.8146203,0.3999519,-0.08833757,0.05503341,0.6170107,-0.09615272,0.7292346,0.5694523,THREE
-0.2347547,-0.05590404,0.3961921,-0.6127735,0.6416308,0.2579863,-0.3355195,0.8165777,0.3978576,-0.08929063,0.05128688,0.6144243,-0.09624562,0.730109,0.5680077,THREE
-0.2320918,-0.04951338,0.4004588,-0.62339,0.6382521,0.243863,-0.3451244,0.8223717,0.3773744,-0.09044258,0.05503435,0.6071813,-0.1052989,0.7434382,0.548198,THREE
-0.2361653,-0.05622869,0.4058383,-0.6236689,0.6393445,0.2403011,-0.3438773,0.8244627,0.3742272,-0.09295738,0.04734035,0.5984548,-0.1060204,0.7478113,0.5422005,THREE
-0.2394826,-0.06341226,0.4104778,-0.6291006,0.6356383,0.2362176,-0.3494967,0.8246731,0.3682294,-0.09144904,0.0442654,0.5931125,-0.1127357,0.7516256,0.5350761,THREE
-0.238815,-0.08649617,0.4298573,-0.6610051,0.6200303,0.1942674,-0.3782079,0.8309913,0.3218275,-0.08639541,0.1062786,0.6067341,-0.1390436,0.7838486,0.4765081,THREE
-0.2542937,-0.0876296,0.4316737,-0.6610668,0.6234965,0.1834077,-0.3756387,0.8339214,0.3184466,-0.09031375,0.124065,0.6075988,-0.1394208,0.7894664,0.4673522,THREE
-0.2591852,-0.09469824,0.4306545,-0.6607201,0.6236712,0.1872118,-0.3718964,0.8299249,0.3338036,-0.09584939,0.1162575,0.6094806,-0.1383384,0.7819793,0.4800252,THREE
-0.2604087,-0.09929691,0.427986,-0.6591979,0.624611,0.1927506,-0.3660414,0.8268367,0.3476529,-0.09933564,0.1044601,0.6119615,-0.1331629,0.7735469,0.4950684,THREE
-0.2573312,-0.09690373,0.4282928,-0.6617368,0.6220586,0.194731,-0.3680064,0.8263862,0.3471243,-0.09622016,0.1022062,0.6122546,-0.1314218,0.7736159,0.4955654,THREE
-0.2534663,-0.09329229,0.4288611,-0.6619686,0.6223217,0.1930394,-0.3695296,0.8275019,0.3429024,-0.09383368,0.0999948,0.6115878,-0.1307399,0.7750301,0.4935445,THREE
-0.2505286,-0.08838294,0.4289812,-0.6616193,0.6232337,0.1910363,-0.3714282,0.8290566,0.3376385,-0.0934971,0.0995737,0.6087927,-0.1317259,0.7769683,0.4904944,THREE
-0.2491972,-0.08339918,0.429618,-0.6618695,0.6227691,0.1902418,-0.3743897,0.8301242,0.3321135,-0.09181209,0.1036442,0.6061133,-0.1330855,0.7809284,0.4840623,THREE
-0.251116,-0.08215389,0.4285246,-0.6606933,0.623775,0.1911802,-0.3733028,0.8301007,0.3338003,-0.09414397,0.1063724,0.6060365,-0.1317731,0.7804471,0.4855069,THREE
-0.253354,-0.08376009,0.4266018,-0.6579064,0.6260779,0.1918532,-0.3693217,0.8301993,0.3370231,-0.09682759,0.105535,0.608527,-0.1295943,0.7775911,0.4906112,THREE
-0.2538282,-0.08503642,0.4253731,-0.6545041,0.6296206,0.1929335,-0.3607088,0.8320747,0.340567,-0.09836373,0.1011055,0.609187,-0.1236856,0.7743962,0.4970396,THREE
-0.2514054,-0.08392645,0.4264281,-0.65624,0.6290414,0.1900937,-0.3606487,0.8343165,0.334865,-0.09866105,0.1031738,0.6080903,-0.1247908,0.7771119,0.4923982,THREE
-0.2488092,-0.08206337,0.4280199,-0.6571777,0.6285476,0.1888507,-0.360968,0.8351165,0.3327922,-0.09900907,0.1023306,0.6054393,-0.125719,0.7788944,0.4895927,THREE
-0.2483135,-0.07855287,0.428972,-0.6565187,0.6299201,0.1854971,-0.3612876,0.8368829,0.3281495,-0.09928842,0.105899,0.6044198,-0.1260983,0.7822912,0.4841101,THREE
-0.2505147,-0.07645045,0.4286364,-0.655444,0.6330207,0.1786301,-0.3601975,0.8399801,0.3208588,-0.09960673,0.1141077,0.6065857,-0.1252272,0.7867842,0.4763247,THREE
-0.2519569,-0.07618529,0.4283888,-0.6548328,0.6358461,0.1694413,-0.357518,0.843733,0.3118128,-0.09744357,0.1261361,0.6116169,-0.1217591,0.7922319,0.4673351,THREE
-0.2511239,-0.0697214,0.430718,-0.652226,0.6425382,0.1521419,-0.3516032,0.8527467,0.2910136,-0.088335,0.1443145,0.6130366,-0.1153494,0.8045111,0.4461359,THREE
-0.2706249,-0.03942265,0.4183647,-0.6482269,0.6534908,0.107739,-0.3521262,0.8618739,0.2593049,-0.07635229,0.1843528,0.6141717,-0.1062917,0.8220077,0.413474,THREE
-0.2881215,-0.01011775,0.4009768,-0.6383114,0.668165,0.06432649,-0.3479369,0.8701566,0.2380558,-0.07459442,0.2133946,0.6159772,-0.09455027,0.8330894,0.392661,THREE
-0.298925,0.01324152,0.3878652,-0.6352644,0.6733106,0.02854564,-0.3497966,0.8763633,0.2121389,-0.07564291,0.2405298,0.6145696,-0.09465072,0.8440219,0.3673842,THREE
-0.2986401,0.03800129,0.3788996,-0.6275862,0.681254,-0.0009592623,-0.3391465,0.8863915,0.1849419,-0.0810134,0.25355,0.6084856,-0.09292781,0.8512301,0.3513635,THREE
-0.2953832,0.04580714,0.3776875,-0.6244063,0.6848574,-0.008795686,-0.3301736,0.8915992,0.1743893,-0.08677849,0.2516438,0.6040715,-0.09228388,0.8526263,0.3489594,THREE
-0.286287,0.05440449,0.3745376,-0.6223503,0.687201,-0.02225071,-0.3220328,0.8962275,0.1633199,-0.09860554,0.244283,0.5964453,-0.09717163,0.8536894,0.3450546,THREE
-0.285474,0.06240347,0.3695752,-0.6153349,0.6926807,-0.05028852,-0.3141556,0.9027568,0.140031,-0.1112197,0.2455501,0.581766,-0.09856929,0.85944,0.3302758,THREE
-0.2784743,0.06583624,0.3697134,-0.6162353,0.6913397,-0.06762728,-0.3133307,0.905749,0.1208839,-0.1161266,0.24284,0.5688362,-0.1015173,0.8633462,0.3191862,THREE
-0.2718051,0.06635782,0.3699361,-0.6159683,0.6907499,-0.07853628,-0.3134502,0.9074522,0.1069599,-0.1171171,0.2457479,0.5613815,-0.1030836,0.8670636,0.308231,THREE
-0.2712522,0.06874934,0.3680925,-0.6144322,0.690638,-0.08768576,-0.3150443,0.9080496,0.09628192,-0.118318,0.2526348,0.5566245,-0.106706,0.8705263,0.2964474,THREE
-0.2754732,0.06906664,0.3644308,-0.6076124,0.6959054,-0.09218089,-0.3087781,0.9104307,0.0938359,-0.1228535,0.2500809,0.5570472,-0.1062612,0.8693449,0.2999048,THREE
-0.2777309,0.06726684,0.3643502,-0.6084539,0.695759,-0.08984055,-0.310015,0.9096754,0.09758811,-0.1274147,0.2422806,0.5592791,-0.109658,0.8652797,0.3103548,THREE
-0.2760085,0.06796757,0.3657915,-0.6101288,0.6940054,-0.090951,-0.3125476,0.9090605,0.0953729,-0.1284027,0.243842,0.5588397,-0.1113472,0.8656012,0.3090737,THREE
-0.2742442,0.07130437,0.3671036,-0.6097049,0.6946533,-0.08703718,-0.3100301,0.9098852,0.09383993,-0.1269638,0.2482949,0.5579959,-0.1101882,0.868067,0.3028387,THREE
-0.2700626,0.07733365,0.3703271,-0.6142336,0.6923589,-0.07404519,-0.309833,0.9101825,0.09013014,-0.1224986,0.2547739,0.5560634,-0.1105745,0.8716796,0.2931046,THREE
-0.2640313,0.07240985,0.3843213,-0.6238925,0.6851178,-0.05555522,-0.3250305,0.9054493,0.0936904,-0.1172307,0.2647031,0.5534391,-0.1199695,0.8749299,0.2798442,THREE
-0.2614692,0.06425541,0.3934098,-0.6268843,0.6825246,-0.04136368,-0.3329149,0.9019961,0.1023539,-0.1128616,0.2682152,0.555383,-0.1233099,0.8748031,0.278905,THREE
-0.2638825,0.05901596,0.3955969,-0.626654,0.6824132,-0.03629154,-0.334786,0.9006499,0.1072172,-0.1140659,0.2671925,0.5573648,-0.1247508,0.8738467,0.2807176,THREE
-0.2714812,0.05811096,0.3906901,-0.6181511,0.689143,-0.0378411,-0.3247189,0.9030504,0.1131377,-0.1184584,0.2600902,0.5611511,-0.1182564,0.8714426,0.2915904,THREE
-0.2709151,0.05966621,0.3850149,-0.6068544,0.6994861,-0.03621262,-0.3076592,0.9068723,0.1290976,-0.1263387,0.2409052,0.562923,-0.1072567,0.8657304,0.3139935,THREE
-0.2648075,0.0524016,0.3931824,-0.6003972,0.7059582,-0.02661005,-0.2954012,0.9088567,0.1424803,-0.1268394,0.2302002,0.5643514,-0.09427787,0.8618919,0.330146,THREE
-0.2628495,0.05552394,0.392484,-0.5918558,0.7135307,-0.03023217,-0.2795455,0.9132798,0.1424426,-0.1273824,0.2211265,0.566556,-0.0819447,0.8591587,0.3402497,THREE
-0.2613939,0.06038281,0.3909826,-0.5868036,0.7189185,-0.02790889,-0.268894,0.916404,0.1425931,-0.1255782,0.2127102,0.5674129,-0.06870862,0.8578098,0.3461555,THREE
-0.255215,0.06689054,0.3890491,-0.5929458,0.7145715,-0.02870962,-0.271364,0.9160485,0.1388807,-0.1183082,0.2171203,0.5671183,-0.06787643,0.8591715,0.3422671,THREE
-0.2524284,0.07065128,0.3885361,-0.5951905,0.7130596,-0.03073929,-0.2717306,0.9167007,0.1351427,-0.1146547,0.2263347,0.5662531,-0.06737819,0.862164,0.33507,THREE
-0.2541916,0.06738083,0.3907238,-0.5970511,0.71086,-0.03958568,-0.2766715,0.9167405,0.1241069,-0.1142178,0.2422002,0.5639327,-0.0721078,0.8681003,0.3182118,THREE
-0.2525928,0.05712208,0.3996702,-0.5998611,0.7075278,-0.03612494,-0.2835692,0.9150412,0.1189763,-0.1097128,0.2601449,0.5642737,-0.07449008,0.8721372,0.3067867,THREE
-0.2544908,0.05572205,0.3997214,-0.5955628,0.709829,-0.0379084,-0.282451,0.9158296,0.1132453,-0.1090033,0.2737509,0.5657756,-0.07379555,0.8743178,0.3010463,THREE
-0.2576637,0.05215136,0.4000188,-0.5958471,0.7097636,-0.03112413,-0.2834741,0.9151033,0.1182343,-0.1098022,0.2744102,0.5689764,-0.07320141,0.8732979,0.3052309,THREE
-0.2575499,0.04877166,0.4012053,-0.5988411,0.7077844,-0.02399767,-0.2870128,0.9134566,0.1238543,-0.1080866,0.2744964,0.5720165,-0.07341219,0.8719462,0.3092099,THREE
-0.2617791,0.0492039,0.3988467,-0.6048541,0.7024809,-0.02945466,-0.2966276,0.911097,0.1190369,-0.1122707,0.2778785,0.57214,-0.08289359,0.8723637,0.3048807,THREE
-0.2645021,0.05217671,0.3948089,-0.6059756,0.7013842,-0.03260852,-0.2975102,0.9111027,0.1156925,-0.115067,0.2767972,0.5725142,-0.08461142,0.8728848,0.3033108,THREE
-0.2689385,0.04982239,0.39152,-0.6036007,0.7036021,-0.02749443,-0.2933888,0.9113143,0.1236271,-0.1186022,0.2633023,0.5746396,-0.08108743,0.869684,0.314353,THREE
-0.2717721,0.04712874,0.3918549,-0.6032011,0.7040082,-0.02283864,-0.2921877,0.9106811,0.1312919,-0.1222835,0.2524203,0.5744085,-0.0823397,0.8666331,0.3228818,THREE
-0.2713969,0.04373506,0.3945267,-0.6051965,0.7024089,-0.01659206,-0.293759,0.9092768,0.1368871,-0.1190484,0.2508514,0.577015,-0.08313686,0.8647531,0.3276016,THREE
-0.2701764,0.04066059,0.3962421,-0.6043951,0.7030369,-0.01446832,-0.2914986,0.9092617,0.1395769,-0.1182544,0.2505257,0.5795646,-0.08128473,0.863855,0.3298597,THREE
-0.268489,0.0446647,0.3914174,-0.599256,0.7087392,-0.0132408,-0.2839324,0.9103041,0.152321,-0.1205869,0.2238439,0.5798878,-0.07636749,0.8550906,0.3539668,THREE
-0.3507341,0.2662979,0.1005382,-0.2763726,0.8118842,-0.07630496,-0.3060293,0.04526045,0.1987988,-0.07319473,0.05115702,0.3089853,-0.1845103,0.01513966,0.2649403,ONE
-0.3267461,0.2440457,0.08379137,-0.2990392,0.8034455,-0.09841301,-0.2946334,0.0431322,0.2057037,-0.0634646,0.05688985,0.3062028,-0.1726823,0.01676055,0.2655194,ONE
-0.3279901,0.2454541,0.07142286,-0.3023309,0.8019082,-0.1002931,-0.2913247,0.04230304,0.2109616,-0.06128792,0.05905624,0.3086118,-0.1706886,0.01771791,0.2682664,ONE
-0.3327329,0.2394935,0.07190344,-0.3031472,0.8014371,-0.09778006,-0.2907378,0.03539862,0.2126671,-0.06263828,0.05819912,0.3096351,-0.1707633,0.01465837,0.2706925,ONE
-0.3326835,0.2358558,0.08869408,-0.2998075,0.8006179,-0.1077644,-0.2909532,0.03721715,0.2135543,-0.06297081,0.06238214,0.3116702,-0.1727269,0.018212,0.2715103,ONE
-0.3645636,0.2554514,0.1057385,-0.2924941,0.798673,-0.1255297,-0.2919497,0.04538154,0.2170397,-0.06460216,0.07270322,0.3127783,-0.1769719,0.02807264,0.2737173,ONE
-0.3671056,0.2589643,0.125011,-0.2859892,0.7998693,-0.1252465,-0.2919903,0.04851099,0.2190955,-0.06424966,0.07461416,0.3131115,-0.1777502,0.03065113,0.2749514,ONE
-0.3715607,0.2545055,0.1467138,-0.2762142,0.8029172,-0.120036,-0.2939983,0.05044847,0.2184879,-0.06647252,0.07308,0.3135299,-0.1808389,0.03083763,0.2748135,ONE
-0.3687169,0.2513469,0.1540803,-0.2733781,0.8048426,-0.1126666,-0.2958205,0.04764178,0.2181156,-0.06801319,0.06873939,0.3144935,-0.1823801,0.02724111,0.2752116,ONE
-0.3612112,0.2532595,0.1486155,-0.2696597,0.806827,-0.108963,-0.2967691,0.04645645,0.2174253,-0.06921919,0.06616066,0.3149181,-0.1834029,0.02544036,0.275095,ONE
-0.3488223,0.2569946,0.1341571,-0.2603174,0.8115044,-0.0955966,-0.298985,0.04419597,0.2152622,-0.07128429,0.06048281,0.3158063,-0.1852516,0.02156421,0.2746827,ONE
-0.3353416,0.2563328,0.1243723,-0.2462407,0.8165526,-0.08619308,-0.3052807,0.04405142,0.2096796,-0.07666405,0.05660192,0.3165096,-0.1907163,0.01973763,0.2738755,ONE
-0.3564585,0.2673221,0.1405272,-0.1704758,0.830072,-0.1269605,-0.3253358,0.07180604,0.193162,-0.09558466,0.0735658,0.3133735,-0.2115384,0.04332249,0.2675465,ONE
-0.3632115,0.2888846,0.1339334,-0.1085048,0.8304505,-0.1786041,-0.3270236,0.1048786,0.1835648,-0.09881181,0.1005216,0.3049506,-0.2169022,0.07508858,0.2588292,ONE
-0.3625178,0.3098865,0.1163233,-0.0737482,0.8288135,-0.2020441,-0.3193099,0.124856,0.1729094,-0.0929317,0.1143124,0.297176,-0.2117527,0.09296977,0.249812,ONE
-0.365167,0.3221372,0.09203491,-0.0631388,0.8294955,-0.2038072,-0.3084274,0.1332002,0.1675676,-0.09002756,0.1169321,0.2930413,-0.2073113,0.09904265,0.2415061,ONE
-0.3705848,0.3271485,0.06338074,-0.0764578,0.8263765,-0.2126801,-0.3013038,0.1369036,0.163039,-0.08752593,0.1205561,0.2905233,-0.2033893,0.102901,0.2357401,ONE
-0.3724811,0.3269618,0.0585413,-0.08569722,0.8241361,-0.218326,-0.2985698,0.1362942,0.1648559,-0.08408966,0.1220441,0.290201,-0.2000337,0.1033257,0.236569,ONE
-0.3707229,0.3251077,0.06886238,-0.08970592,0.8249966,-0.2134676,-0.2979576,0.1338879,0.1700875,-0.08030101,0.1193798,0.2928527,-0.1970508,0.1006304,0.2416227,ONE
-0.3751869,0.2960801,0.1141866,-0.1266784,0.8290206,-0.1765716,-0.3087727,0.1077589,0.1824895,-0.08410014,0.09988461,0.2999439,-0.2014432,0.07623363,0.2531955,ONE
-0.3838282,0.2779022,0.1309282,-0.14844,0.829654,-0.1560356,-0.3132541,0.09465227,0.1866016,-0.08744198,0.08932656,0.3001045,-0.2040265,0.06411038,0.2554007,ONE
-0.3854711,0.2518699,0.1632433,-0.1648058,0.831802,-0.1242693,-0.3170897,0.0768552,0.196167,-0.08953361,0.07348191,0.3015619,-0.2065533,0.04638275,0.2601051,ONE
-0.3829332,0.2211654,0.1944419,-0.1820702,0.83277,-0.08656678,-0.3204455,0.0566524,0.2031366,-0.09537142,0.05663392,0.3010392,-0.2115416,0.02636786,0.2612165,ONE
-0.3748818,0.1789299,0.233997,-0.1996411,0.832737,-0.01883784,-0.3233871,0.03191609,0.2098863,-0.1017662,0.03384599,0.3007856,-0.2160714,0.0006227622,0.2615833,ONE
-0.3677495,0.1431891,0.2601568,-0.2136792,0.8281493,0.04126866,-0.3259091,0.01210429,0.2103446,-0.1072253,0.01401665,0.3001311,-0.2194872,-0.02056892,0.2590904,ONE
-0.3471304,0.07070531,0.2998164,-0.2667927,0.8012753,0.13712,-0.3269322,-0.02529983,0.2153838,-0.1078327,-0.01865206,0.3044629,-0.2179058,-0.05699553,0.2604871,ONE
-0.3312252,0.04048191,0.3176888,-0.2834634,0.7839684,0.1896775,-0.3220979,-0.04006342,0.2209877,-0.1001338,-0.03559934,0.3099493,-0.2098186,-0.0726499,0.2647526,ONE
-0.3274886,0.03248719,0.3222851,-0.3019242,0.7731211,0.2026039,-0.3150031,-0.04811643,0.2226839,-0.09544379,-0.04139591,0.3105275,-0.2031485,-0.07898155,0.2646554,ONE
-0.3267683,0.03457941,0.3206367,-0.3051145,0.7699795,0.2081699,-0.312216,-0.04804321,0.2226422,-0.09361868,-0.04493698,0.3105863,-0.2005447,-0.08036144,0.2643313,ONE
-0.3272709,0.03984967,0.318621,-0.3079457,0.76987,0.2043636,-0.3103398,-0.04667162,0.2237631,-0.09120832,-0.04494314,0.3107398,-0.1984562,-0.07936189,0.2652299,ONE
-0.3291445,0.043277,0.3154461,-0.3100886,0.7706438,0.1981981,-0.3120551,-0.04547989,0.2230636,-0.09177362,-0.0445192,0.3113844,-0.1987052,-0.07877918,0.265782,ONE
-0.329403,0.04973329,0.3138608,-0.30791,0.7711132,0.1987943,-0.3105043,-0.04310661,0.2244304,-0.08818077,-0.0439526,0.3114707,-0.1957646,-0.0773026,0.2665612,ONE
-0.3344275,0.05414713,0.3085611,-0.304363,0.7758375,0.1886256,-0.3144939,-0.04087907,0.2200621,-0.09233904,-0.04154876,0.310638,-0.2006385,-0.07478075,0.2643858,ONE
-0.3355192,0.05662918,0.3066867,-0.3043933,0.7765529,0.1855009,-0.3133963,-0.0400819,0.2194156,-0.09207982,-0.04029707,0.3107408,-0.2000713,-0.07361011,0.2643242,ONE
-0.3379058,0.05913113,0.3038198,-0.3056824,0.7776586,0.1790299,-0.3141227,-0.03895771,0.2184165,-0.09293094,-0.03899325,0.3110844,-0.2008738,-0.07235084,0.2643995,ONE
-0.3391642,0.05745005,0.3029141,-0.3053179,0.7773951,0.1804271,-0.3168709,-0.03913544,0.2175393,-0.0949254,-0.04086154,0.3104664,-0.2030928,-0.07368594,0.2634834,ONE
-0.3373778,0.056605,0.3049582,-0.3053068,0.7779944,0.1782057,-0.3165347,-0.03964872,0.2187549,-0.09451441,-0.04087339,0.3107038,-0.2029406,-0.0740414,0.2641914,ONE
-0.3349231,0.05416088,0.3073824,-0.3048564,0.777375,0.180666,-0.3171028,-0.03910748,0.2200355,-0.09507399,-0.04005252,0.3109142,-0.2035403,-0.07357124,0.2648625,ONE
-0.3329753,0.05201154,0.3095891,-0.3066791,0.7767524,0.1800742,-0.3154893,-0.03967005,0.221737,-0.0945437,-0.03842263,0.3117844,-0.2023769,-0.07312384,0.2664356,ONE
-0.3320153,0.0522651,0.310209,-0.3073616,0.7768001,0.1789652,-0.3140326,-0.0396653,0.2226247,-0.09350958,-0.03721454,0.3122783,-0.2011033,-0.07249919,0.2672948,ONE
-0.3327252,0.05415756,0.3080753,-0.3075021,0.7771409,0.1780993,-0.313033,-0.03890652,0.2223659,-0.09273481,-0.03678373,0.3133418,-0.2000938,-0.07177453,0.2679185,ONE
-0.3334746,0.05528412,0.3069047,-0.3046488,0.778257,0.1799385,-0.3125458,-0.03758564,0.2229953,-0.09210535,-0.03674392,0.3147319,-0.199651,-0.07098067,0.2690247,ONE
-0.3348001,0.05658605,0.3061099,-0.3031452,0.7798255,0.176782,-0.3130445,-0.03636618,0.2228242,-0.09284965,-0.0356055,0.3149072,-0.2003275,-0.06971903,0.2691224,ONE
-0.3358187,0.06235252,0.3038942,-0.3042913,0.7826909,0.1615589,-0.31367,-0.03351209,0.2221986,-0.09354655,-0.03120351,0.3140532,-0.2009376,-0.06612416,0.2691067,ONE
-0.3360146,0.06370468,0.3034032,-0.3030832,0.782809,0.1617985,-0.3147399,-0.03290213,0.2201455,-0.09453295,-0.03074379,0.3124517,-0.202096,-0.06559193,0.267173,ONE
-0.3351009,0.06321273,0.303806,-0.3020697,0.7833275,0.1610575,-0.3162598,-0.03208789,0.2190166,-0.09574313,-0.03046132,0.3117721,-0.203488,-0.0651104,0.2662962,ONE
-0.3348778,0.06280277,0.3039956,-0.302633,0.7834249,0.1598643,-0.3170754,-0.03178551,0.2187753,-0.09640491,-0.02997363,0.311718,-0.2042669,-0.06477579,0.2661299,ONE
-0.3340833,0.06765974,0.3033274,-0.300497,0.785014,0.1566792,-0.3147428,-0.02865938,0.2201896,-0.09362837,-0.02739063,0.3127494,-0.2017648,-0.06171602,0.2677233,ONE
-0.3357711,0.06958182,0.3018875,-0.2986061,0.7857427,0.1563991,-0.3141075,-0.02775202,0.2197398,-0.09338355,-0.02683968,0.312747,-0.2012092,-0.06095842,0.2675901,ONE
-0.3388996,0.07049014,0.2983879,-0.2995154,0.785832,0.1541469,-0.3163618,-0.02816032,0.2163179,-0.09618378,-0.02769822,0.3114427,-0.2040076,-0.0614544,0.2651507,ONE
-0.3373241,0.06642725,0.3018193,-0.2993273,0.7851183,0.1577991,-0.3177271,-0.03009662,0.2175393,-0.09652609,-0.02926153,0.3116598,-0.2050143,-0.06339591,0.2655668,ONE
-0.3350789,0.06612512,0.3040108,-0.2972216,0.7860813,0.155533,-0.3192086,-0.02839397,0.2180919,-0.09754273,-0.0275513,0.3115024,-0.2063244,-0.06194872,0.265954,ONE
-0.3336898,0.06706044,0.3046108,-0.2988158,0.7865098,0.1510054,-0.3185807,-0.02715911,0.2193308,-0.09612919,-0.02659559,0.3121778,-0.2051681,-0.06087548,0.2670721,ONE
-0.3328404,0.06927779,0.303824,-0.3003251,0.7867036,0.1479581,-0.3165509,-0.0264437,0.2196166,-0.09430389,-0.02607639,0.3128882,-0.2030421,-0.06018613,0.2677574,ONE
-0.3337338,0.07051763,0.3022482,-0.3004931,0.7874572,0.1442396,-0.3167813,-0.02509959,0.2185649,-0.09509768,-0.02439152,0.3127119,-0.2035114,-0.0587169,0.2673635,ONE
-0.3352258,0.07248734,0.3003316,-0.3017741,0.7880598,0.1382653,-0.3174682,-0.02398582,0.2179004,-0.09570143,-0.0224256,0.3121621,-0.2040507,-0.05724199,0.2670963,ONE
-0.3359544,0.07225937,0.299405,-0.2988101,0.7885072,0.1402386,-0.3212462,-0.02227939,0.2159679,-0.09858716,-0.02273461,0.3111489,-0.2075001,-0.05665809,0.2655379,ONE
-0.3318987,0.06664811,0.3037833,-0.2960371,0.7877532,0.1479304,-0.3236283,-0.02288864,0.216417,-0.1003122,-0.02448986,0.3112759,-0.2096501,-0.05817305,0.2654303,ONE
-0.3284485,0.06327174,0.307609,-0.2928674,0.7878951,0.1535891,-0.3230619,-0.02421213,0.2180623,-0.09941386,-0.02666479,0.3118271,-0.2090946,-0.06003944,0.2661574,ONE
-0.3339914,0.07247265,0.3012155,-0.2843665,0.795946,0.1345744,-0.3235127,-0.02042508,0.2162485,-0.1004157,-0.02229384,0.3133698,-0.2103498,-0.05568224,0.2666474,ONE
-0.337501,0.07691918,0.2974462,-0.2828092,0.7980449,0.1259487,-0.324523,-0.01901131,0.2135804,-0.102113,-0.02062272,0.3120356,-0.2120734,-0.05402201,0.2649469,ONE
-0.3396123,0.08263874,0.293776,-0.2773706,0.8006878,0.1199113,-0.3258752,-0.01616575,0.2111318,-0.1035796,-0.01913975,0.3103839,-0.2138026,-0.05190917,0.2629071,ONE
-0.3400424,0.08371744,0.2929049,-0.2738587,0.8019589,0.1198229,-0.3278531,-0.01446168,0.2103792,-0.1047554,-0.01851651,0.309974,-0.2157729,-0.05077739,0.2621905,ONE
-0.3403262,0.08769335,0.2907053,-0.2736509,0.8032371,0.1124702,-0.328367,-0.01217704,0.2092159,-0.1051962,-0.01593683,0.3096815,-0.216404,-0.04821762,0.2617094,ONE
-0.3404802,0.08861943,0.2895171,-0.2724906,0.803966,0.1105133,-0.3287266,-0.01063814,0.2085895,-0.1056841,-0.01479416,0.3103147,-0.2167104,-0.04683418,0.2620592,ONE
-0.342561,0.09213942,0.2858701,-0.2740727,0.8043703,0.1033991,-0.3280017,-0.009475085,0.207381,-0.1055473,-0.01259316,0.3104256,-0.2162163,-0.04496684,0.2620251,ONE
-0.3449503,0.09544873,0.2836246,-0.2739862,0.8045919,0.1003389,-0.3274071,-0.008139038,0.2063973,-0.1054834,-0.01083175,0.3096711,-0.2160117,-0.04336562,0.2611928,ONE
-0.3451838,0.09321053,0.2848426,-0.2752992,0.8036476,0.1030989,-0.3274483,-0.01026088,0.2058627,-0.1062068,-0.01249126,0.3085881,-0.2165101,-0.04538107,0.2600999,ONE
-0.3440226,0.0900851,0.2876981,-0.2755348,0.8027905,0.1084436,-0.3273528,-0.0119159,0.2063042,-0.1056743,-0.01384651,0.3080279,-0.2162575,-0.04689319,0.2596132,ONE
-0.3422301,0.08721206,0.2895437,-0.2761105,0.8018324,0.1137287,-0.3272841,-0.01333038,0.2064573,-0.1057754,-0.01565413,0.3079531,-0.2162223,-0.04847663,0.25937,ONE
-0.33983,0.08471769,0.2922873,-0.2756695,0.8011034,0.1199177,-0.3264598,-0.01508611,0.2078381,-0.1044992,-0.01800963,0.3088166,-0.2150775,-0.05049942,0.2602734,ONE
-0.3391047,0.08657295,0.2925129,-0.2716942,0.8032405,0.116853,-0.3262243,-0.01342706,0.2082938,-0.1038395,-0.01698188,0.309846,-0.2148615,-0.04899773,0.2611615,ONE
-0.3414198,0.09324679,0.2867118,-0.2694245,0.8058417,0.105735,-0.3265162,-0.0103187,0.2068672,-0.1045619,-0.014374,0.3103024,-0.215607,-0.04583629,0.2612445,ONE
-0.3428714,0.09681938,0.2837781,-0.2676366,0.8068981,0.1016953,-0.3272947,-0.008784312,0.205285,-0.1053635,-0.01352896,0.3096469,-0.2166011,-0.04453295,0.2602729,ONE
-0.343668,0.09808125,0.2825568,-0.2652923,0.8072808,0.1018733,-0.3301393,-0.006628341,0.2034769,-0.1080444,-0.01225619,0.3081644,-0.2194661,-0.04307604,0.2585885,ONE
-0.3426639,0.094448,0.2858327,-0.2629661,0.8069479,0.1091493,-0.3315525,-0.007157973,0.2039764,-0.1089945,-0.01370835,0.3079056,-0.2207735,-0.04422654,0.2584581,ONE
-0.3401399,0.09405842,0.2892076,-0.2618645,0.8080534,0.10428,-0.3313084,-0.005098687,0.2072383,-0.1075393,-0.01091445,0.3092147,-0.219841,-0.04195445,0.2610748,ONE
-0.3411052,0.09888435,0.2859161,-0.2600106,0.8097446,0.09710848,-0.3315745,-0.001191732,0.2057802,-0.107654,-0.008093301,0.3099697,-0.2199395,-0.03833234,0.2612667,ONE
-0.3446933,0.1033804,0.2802591,-0.2582571,0.8108856,0.0936859,-0.3320389,-0.0001293867,0.2015723,-0.1093382,-0.007886899,0.308664,-0.2212708,-0.03723492,0.2585022,ONE
-0.3452175,0.1059591,0.2784159,-0.2577319,0.8115838,0.08966661,-0.3318906,0.0009180292,0.2003522,-0.1094972,-0.00659635,0.3079213,-0.2214903,-0.03590978,0.2573496,ONE
-0.3445854,0.1073625,0.2780301,-0.2559586,0.8120838,0.0895915,-0.3315918,0.001157134,0.2002913,-0.1090516,-0.007149916,0.3077834,-0.2211901,-0.03601973,0.257188,ONE
-0.3430467,0.1097758,0.2790643,-0.2518838,0.8135068,0.0868495,-0.3320833,0.003733729,0.2022216,-0.1092926,-0.005049871,0.307855,-0.2217493,-0.03378603,0.2583354,ONE
-0.3429617,0.111918,0.278423,-0.2504685,0.8146206,0.08127805,-0.3323516,0.005565048,0.2028171,-0.1100936,-0.002097675,0.3080142,-0.2222316,-0.03150162,0.2592914,ONE
-0.3449288,0.1173788,0.2738869,-0.2482067,0.8159106,0.0758758,-0.3322832,0.008017708,0.1998562,-0.1105723,-0.000893858,0.3075758,-0.2223852,-0.02945134,0.2578799,ONE
-0.345566,0.1180995,0.2726182,-0.2450176,0.8171948,0.07436107,-0.3328491,0.008257997,0.1988457,-0.1115738,-0.001294815,0.3074094,-0.2232738,-0.02947599,0.2573586,ONE
-0.3464615,0.1329566,0.2631848,-0.2291858,0.8238646,0.05573058,-0.3327088,0.01345598,0.1966789,-0.1118669,0.003111204,0.3073815,-0.2241012,-0.02422066,0.2567572,ONE
-0.3461165,0.144218,0.2575207,-0.2222239,0.8274978,0.03428509,-0.3312319,0.0196272,0.1981765,-0.1092399,0.01020448,0.3089123,-0.221947,-0.01747905,0.2591776,ONE
-0.3471641,0.1542218,0.2519988,-0.2137368,0.8306439,0.01390954,-0.3296455,0.02663043,0.2001228,-0.1069664,0.01779517,0.3106071,-0.2199744,-0.01020875,0.2617824,ONE
-0.3534872,0.193825,0.2198749,-0.1809496,0.8373883,-0.05255042,-0.3280404,0.04919916,0.1980279,-0.1043477,0.03978166,0.3142243,-0.2180008,0.01336071,0.2661635,ONE
-0.3577836,0.2344271,0.183626,-0.1510909,0.8385303,-0.1055373,-0.3241113,0.07112072,0.1938835,-0.1007203,0.0614807,0.3133352,-0.2160008,0.03666927,0.2635967,ONE
-0.3542812,0.2749457,0.1533294,-0.1128007,0.8395941,-0.1388381,-0.3140936,0.09304631,0.1899249,-0.09303793,0.07925525,0.3087441,-0.2091797,0.05745147,0.2590439,ONE
-0.3521261,0.2971436,0.1311102,-0.09186557,0.8397398,-0.1525,-0.3088475,0.1047871,0.1842137,-0.08971241,0.08761799,0.3054184,-0.2058485,0.0680754,0.2546187,ONE
-0.3502231,0.3240408,0.09268232,-0.07130352,0.8394806,-0.1623705,-0.3018111,0.1183452,0.175863,-0.0837818,0.0960196,0.3014719,-0.1997731,0.07989603,0.2493068,ONE
-0.355556,0.3270307,0.08677769,-0.07769628,0.83934,-0.1572216,-0.2999457,0.1179438,0.1761512,-0.07977052,0.0956338,0.3016956,-0.1966486,0.07965431,0.2493295,ONE
-0.3580158,0.3259802,0.09253635,-0.08122183,0.8383135,-0.1580923,-0.2984742,0.1191381,0.1773844,-0.07721516,0.09808742,0.2994913,-0.1949328,0.08177332,0.2488437,ONE
-0.3604264,0.326784,0.09163372,-0.08103886,0.8370689,-0.1617044,-0.2969663,0.1225493,0.1774773,-0.07666323,0.1018868,0.2976429,-0.1938907,0.08556131,0.2484357,ONE
-0.3613074,0.3269781,0.0904299,-0.08336494,0.8362231,-0.1636177,-0.2963184,0.1235216,0.1768981,-0.07642922,0.1035577,0.2963964,-0.1934136,0.08688527,0.2476674,ONE
-0.3612925,0.3272127,0.08548596,-0.08421943,0.8337951,-0.1748019,-0.2948355,0.12848,0.175063,-0.07752112,0.1081066,0.2949556,-0.1933662,0.09194202,0.2462636,ONE
-0.3613018,0.3266392,0.0837973,-0.08705208,0.8331826,-0.1752981,-0.2941693,0.1293274,0.1750052,-0.07730035,0.108717,0.2941229,-0.1929089,0.09266976,0.2458418,ONE
-0.3622089,0.3243664,0.0859125,-0.09009633,0.8338612,-0.1698027,-0.2948651,0.1270041,0.1760777,-0.07812683,0.1062523,0.2946466,-0.1934874,0.09006212,0.2465754,ONE
-0.3621569,0.3197287,0.09802391,-0.09389645,0.8344676,-0.1660031,-0.2944843,0.124456,0.1818129,-0.0752964,0.1044001,0.2968547,-0.1915246,0.08757842,0.2508295,ONE