THUMB_INDEX_ANGLE,INDEX_MIDDLE_ANGLE,MIDDLE_RING_ANGLE,RING_PINKY_ANGLE,target
58.41524,12.28548,16.81552,20.70361,THUMB
58.10303,12.32818,16.8291,20.83663,THUMB
58.21714,12.30874,16.87275,20.79811,THUMB
58.87313,11.98097,16.51855,20.41745,THUMB
59.35662,11.77267,16.25853,20.09662,THUMB
59.62532,11.83636,16.21601,20.03568,THUMB
59.49935,11.84378,16.2741,20.08576,THUMB
59.23801,11.78614,16.32333,20.09314,THUMB
59.10612,11.84072,16.41518,20.18071,THUMB
59.09817,11.97098,16.54941,20.2876,THUMB
59.02303,12.02538,16.61551,20.34904,THUMB
59.48035,12.04207,16.60986,20.35514,THUMB
60.21627,12.02382,16.55044,20.39264,THUMB
60.51381,12.00185,16.52943,20.41378,THUMB
60.23038,12.02115,16.46308,20.47485,THUMB
59.97016,12.11183,16.46346,20.55783,THUMB
59.69474,12.2139,16.56525,20.68234,THUMB
59.48898,12.30112,16.75619,20.83032,THUMB
59.60565,12.35804,16.82055,20.91137,THUMB
59.62609,12.39371,16.84542,20.92582,THUMB
59.73524,12.426,16.86227,20.90687,THUMB
59.7487,12.43957,16.89578,20.93124,THUMB
59.80219,12.39039,16.84,20.90213,THUMB
60.15749,12.69274,17.27201,21.00371,THUMB
60.50036,12.9124,17.76755,20.99995,THUMB
60.8628,12.84245,17.88752,20.80781,THUMB
61.03264,12.69451,17.76015,20.61533,THUMB
60.87659,12.35341,17.18294,20.53472,THUMB
60.73026,12.09584,16.75634,20.50973,THUMB
60.6685,11.98495,16.53891,20.48394,THUMB
60.68185,11.96552,16.40087,20.45282,THUMB
60.72971,12.04989,16.41298,20.47554,THUMB
60.59077,12.24255,16.47814,20.5554,THUMB
60.4108,12.29251,16.52901,20.58702,THUMB
60.28238,12.32346,16.58876,20.61084,THUMB
60.23337,12.34076,16.68797,20.61299,THUMB
60.40338,12.34744,16.76765,20.61703,THUMB
60.5219,12.34747,16.92726,20.72456,THUMB
60.57851,12.35724,17.02664,20.79925,THUMB
60.53809,12.33267,16.99497,20.77263,THUMB
60.51843,12.28346,16.87718,20.66935,THUMB
60.79528,12.14577,16.65765,20.43846,THUMB
60.97729,12.16317,16.66243,20.45287,THUMB
61.00119,12.21869,16.72464,20.49697,THUMB
61.25678,12.38216,16.83677,20.73342,THUMB
61.67456,12.48941,16.94769,21.04552,THUMB
61.72164,12.49961,17.09986,21.27618,THUMB
61.62948,12.84621,17.84551,22.05291,THUMB
62.00565,13.73273,18.57896,22.73527,THUMB
62.0057,14.42778,19.06004,23.06165,THUMB
61.7253,14.69681,19.14864,23.04481,THUMB
61.54687,14.7323,19.02858,22.85317,THUMB
61.57201,14.73431,18.93456,22.78108,THUMB
60.92771,14.78748,19.01097,22.84303,THUMB
59.62144,14.89817,19.40342,23.23802,THUMB
58.46843,15.05434,19.91179,23.32834,THUMB
57.47914,15.38814,20.33285,23.27616,THUMB
54.82626,16.03642,21.66064,24.33694,THUMB
53.31867,15.32909,24.96578,26.02796,THUMB
54.80831,14.55491,28.04472,26.14793,THUMB
56.87877,14.05479,26.62326,26.94306,THUMB
51.82465,15.086,28.08621,25.97351,THUMB
40.43367,18.36795,27.40768,26.8062,THUMB
35.43516,19.42517,26.14262,27.97364,THUMB
34.78623,18.66781,24.4152,27.85511,THUMB
36.17838,17.61824,23.71104,26.93537,THUMB
36.79227,17.07533,24.25297,26.938,THUMB
42.09844,16.08087,24.09909,26.71038,THUMB
45.73794,15.6289,23.82708,26.21533,THUMB
46.60807,15.48794,24.52641,26.37261,THUMB
46.88372,16.22986,25.19835,27.0738,THUMB
44.24586,17.68853,26.80106,27.65754,THUMB
40.38969,18.82122,27.67302,28.7916,THUMB
38.45348,19.93192,27.56627,29.61131,THUMB
38.38647,20.30625,28.2749,28.93953,THUMB
38.75939,20.92874,28.14116,28.20189,THUMB
39.41961,20.91582,27.51977,27.70334,THUMB
39.71696,20.70693,26.42991,27.7559,THUMB
39.47386,20.04737,26.12986,28.02493,THUMB
40.13165,19.75129,26.03252,27.78964,THUMB
42.05305,19.91336,26.17095,27.22372,THUMB
44.93495,19.48368,26.33171,27.14705,THUMB
46.17863,19.19582,26.35415,27.14356,THUMB
46.45855,19.30445,26.20444,26.972,THUMB
45.30468,18.97046,26.06557,27.14513,THUMB
43.0442,17.41594,25.60797,27.87834,THUMB
37.63411,16.5667,25.01347,28.41372,THUMB
31.78782,18.36448,25.20235,27.83825,THUMB
34.82596,18.6186,25.76887,27.34794,THUMB
52.33854,18.09012,23.17841,27.38085,THUMB
70.94711,17.29428,22.33626,30.63315,THUMB
69.31638,16.10849,22.07966,25.26383,THUMB
68.50716,15.33094,19.25865,22.36939,THUMB
64.61474,14.97758,19.65009,25.62796,THUMB
62.23009,13.98624,20.12729,28.09144,THUMB
64.41303,13.38059,20.42832,26.46757,THUMB
69.6642,13.14867,19.28584,25.55883,THUMB
70.22463,13.38384,19.57288,26.35085,THUMB
67.09077,14.46344,20.45179,26.3125,THUMB
64.29837,15.44437,21.11242,26.37938,THUMB
58.42466,16.78608,22.02844,25.98147,THUMB
57.20857,16.0559,19.95079,26.01681,THUMB
58.1725,15.56049,19.67476,25.59867,THUMB
59.12167,15.44596,20.28681,25.99404,THUMB
62.56371,15.05808,20.99303,25.37675,THUMB
61.08271,16.39274,21.47595,25.12139,THUMB
56.07339,16.27338,22.25636,25.47754,THUMB
54.50785,17.01306,24.50539,26.75626,THUMB
53.97337,16.2106,24.24688,25.85209,THUMB
49.81651,16.53812,24.65101,25.36205,THUMB
49.25473,16.97946,25.33766,25.79921,THUMB
47.28135,16.7746,26.69576,26.81085,THUMB
45.98146,17.31459,27.44905,28.42718,THUMB
45.87546,17.86798,26.73376,29.03195,THUMB
44.93058,16.89376,26.25668,27.95871,THUMB
43.46467,16.43635,25.78169,27.32898,THUMB
41.49822,16.95623,25.06199,26.05363,THUMB
46.8082,17.71547,22.63116,27.00193,THUMB
57.79333,18.20576,20.71127,36.26339,THUMB
66.2747,15.15309,20.95296,39.26184,THUMB
66.0363,14.31761,22.38192,23.87402,THUMB
65.03621,14.4558,22.2804,26.62104,THUMB
61.91632,15.60747,20.55864,21.51023,THUMB
59.681,17.96315,22.41563,21.89876,THUMB
61.64018,13.15829,21.77728,22.10348,THUMB
61.40725,8.871347,19.90339,15.43785,THUMB
61.1648,6.584248,17.26331,14.21981,THUMB
62.90491,6.500079,14.48992,12.79373,THUMB
64.34527,6.246137,12.34344,11.98334,THUMB
64.84814,5.977862,11.62254,11.8203,THUMB
64.62614,5.615694,12.20586,13.03083,THUMB
64.56367,9.32563,19.77805,21.82046,THUMB
60.94195,16.91973,25.53539,31.08361,THUMB
58.25509,17.37099,23.81688,33.60603,THUMB
56.90818,20.65701,22.64172,27.23343,THUMB
53.44186,19.62246,22.41155,26.71898,THUMB
50.79337,18.44053,22.75971,27.30224,THUMB
49.65604,16.9664,23.42367,27.47587,THUMB
51.70425,16.90472,22.82516,27.41838,THUMB
53.23971,17.32287,22.92203,27.08427,THUMB
54.11902,17.30399,23.98598,26.44346,THUMB
56.48349,17.71615,23.38936,26.16504,THUMB
59.49692,16.5762,22.22026,25.79313,THUMB
61.00453,14.23748,21.0946,25.07376,THUMB
63.48213,12.98473,19.45196,23.20649,THUMB
64.63055,12.48347,18.66848,22.03655,THUMB
64.32957,12.76826,18.98803,22.3493,THUMB
64.2713,14.14759,18.75983,22.0048,THUMB
64.62726,14.78789,18.62362,22.3216,THUMB
64.76732,16.11663,19.21574,23.32869,THUMB
67.99263,16.54207,20.984,22.57391,THUMB
73.97375,15.47462,22.16166,21.26839,THUMB
70.69343,15.60185,22.27256,22.8656,THUMB
68.85535,14.28002,21.74332,24.02781,THUMB
65.05469,14.43378,24.51447,24.45787,THUMB
62.36722,15.25922,27.27122,24.16982,THUMB
62.30491,16.48547,25.23832,26.0291,THUMB
63.81511,15.71681,26.30227,26.31688,THUMB
64.16398,15.38633,26.32578,26.33243,THUMB
62.3265,14.89672,26.05955,26.79452,THUMB
59.7774,15.18731,25.63986,27.13063,THUMB
63.1422,18.12322,23.17469,25.09667,THUMB
67.63479,18.92642,23.42929,25.03724,THUMB
66.88347,17.96073,27.02256,26.26638,THUMB
62.90315,19.74865,27.63882,26.64678,THUMB
39.40097,17.8802,25.93437,27.43336,THUMB
27.67552,18.04813,25.99177,29.16909,THUMB
36.6496,17.96776,27.75335,28.85673,THUMB
38.60546,18.68835,27.63316,29.68929,THUMB
38.15825,19.44353,26.34049,29.8858,THUMB
39.9019,19.40845,24.82348,30.11367,THUMB
43.60664,18.04727,24.63416,29.58636,THUMB
44.85038,16.36407,24.40696,28.8516,THUMB
45.5877,14.82535,23.52703,29.82699,THUMB
46.98162,14.63729,23.09886,29.01329,THUMB
48.13471,13.68715,24.95403,27.69937,THUMB
58.33527,15.61114,23.92292,27.54,THUMB
56.91497,15.11894,21.66798,25.67836,THUMB
64.1781,14.62476,20.26015,23.17547,THUMB
68.18047,15.22234,19.6904,22.70798,THUMB
72.10674,13.95208,19.29453,22.71217,THUMB
76.84112,11.70289,20.07912,24.45621,THUMB
77.38732,11.7901,21.81863,25.66468,THUMB
76.04599,13.36265,22.52091,26.02812,THUMB
72.0858,15.98871,22.87377,25.22238,THUMB
72.19106,16.01931,22.96565,24.49843,THUMB
73.4498,13.61489,22.37281,24.06073,THUMB
72.73865,14.41167,21.05856,25.08242,THUMB
71.64607,14.93243,20.92821,25.57455,THUMB
68.46463,15.11829,22.49973,25.00239,THUMB
67.37511,14.72078,22.99119,24.59087,THUMB
66.73624,15.14269,22.90859,24.32273,THUMB
66.63429,15.5205,22.77047,24.17582,THUMB
66.97346,15.75071,22.21867,24.25017,THUMB
67.00813,15.87913,22.12085,24.21765,THUMB
66.95005,15.65533,22.13891,23.91498,THUMB
66.90984,15.31294,22.18318,23.49716,THUMB
66.82683,15.0525,22.0771,23.24225,THUMB
66.60505,14.86925,21.8903,23.15735,THUMB
65.92586,14.92894,21.72955,23.13862,THUMB
65.38536,15.04931,21.64686,23.39303,THUMB
65.23454,14.48934,21.26533,24.45289,THUMB
64.10204,13.16092,20.96693,26.12217,THUMB
61.2091,12.87406,21.5198,28.1136,THUMB
57.45872,15.40711,23.64552,30.0532,THUMB
58.42175,18.3858,22.9412,26.2976,THUMB
60.39664,18.65375,22.09028,25.01799,THUMB
57.81985,17.82688,21.54115,25.26618,THUMB
55.78859,16.48536,22.89681,25.35507,THUMB
54.06684,17.49942,23.97573,26.29691,THUMB
49.77367,16.71658,26.59787,26.76107,THUMB
40.931,17.56742,26.38018,27.72721,THUMB
39.01795,17.88193,26.26046,27.93036,THUMB
39.30919,17.39626,25.78135,27.75462,THUMB
40.43514,17.51465,25.48228,28.01174,THUMB
42.27789,17.92085,25.7095,28.2559,THUMB
44.02063,18.33762,25.94006,28.08904,THUMB
46.13754,17.94588,26.13705,27.51906,THUMB
47.44786,17.36192,25.8869,26.67531,THUMB
47.77248,16.73849,25.03639,26.26785,THUMB
47.60033,15.54962,24.10541,25.96815,THUMB
47.30542,14.47297,23.29087,25.39732,THUMB
47.25697,13.83323,22.3405,24.40158,THUMB
47.95174,12.97582,20.97792,23.14984,THUMB
49.86598,11.49487,18.21693,20.76345,THUMB
53.14656,10.19636,16.55524,19.20491,THUMB
43.21359,11.6971,17.35299,19.45898,THUMB
45.45464,16.11695,18.4169,20.56838,THUMB
50.68373,17.96463,22.70049,25.23287,THUMB
57.11428,19.60185,27.17582,24.96012,THUMB
56.41951,19.64871,24.63556,26.80138,THUMB
54.76179,17.39692,24.19782,28.44252,THUMB
49.72816,17.3876,23.61718,28.01718,THUMB
54.87946,17.03119,27.24865,26.78688,THUMB
60.99071,16.62489,25.9924,27.84101,THUMB
68.06063,16.62285,26.56194,26.09317,THUMB
71.45731,17.43081,26.43024,24.84311,THUMB
71.82585,19.59701,23.96859,24.82382,THUMB
69.16817,19.61246,22.99625,24.86219,THUMB
64.21405,17.7784,23.04255,26.24984,THUMB
62.57277,13.5237,20.33847,25.0936,THUMB
62.84677,12.10091,20.338,25.04001,THUMB
62.24871,12.54387,20.63766,26.34944,THUMB
63.24223,12.84188,21.42776,26.2972,THUMB
67.06964,12.52056,21.10688,26.08342,THUMB
71.30645,11.87506,19.33193,24.58228,THUMB
74.01521,11.36897,18.84431,22.93692,THUMB
74.32155,11.21161,19.22435,22.96409,THUMB
71.83042,11.64287,19.09044,23.60002,THUMB
67.98374,12.10675,17.94422,24.11611,THUMB
65.41906,12.10302,17.28909,24.53416,THUMB
59.53334,14.50313,18.12943,24.78452,THUMB
55.45001,15.28554,19.05477,25.32317,THUMB
55.99898,12.68189,17.66722,23.65015,THUMB
57.3638,12.39188,16.72637,22.03279,THUMB
58.73589,13.42525,17.31984,21.16625,THUMB
52.96473,16.58727,19.3253,22.98837,THUMB
50.51901,17.64822,23.67859,26.33822,THUMB
51.22796,20.63894,27.63305,27.92842,THUMB
53.56483,39.92112,27.34195,29.93168,THUMB
50.6562,23.44017,25.3745,26.49794,THUMB
52.34793,16.6851,24.16165,25.37407,THUMB
51.30354,17.09676,23.9447,26.45285,THUMB
45.48947,16.78069,25.24577,27.21912,THUMB
41.78199,16.87796,25.61742,28.35825,THUMB
41.35683,16.79747,25.21158,28.68861,THUMB
43.65148,16.52559,24.65625,28.60211,THUMB
45.93745,15.15294,24.33367,28.66658,THUMB
47.37582,14.81633,23.91299,28.48372,THUMB
48.0433,15.17568,23.06317,27.9573,THUMB
48.53534,15.33165,22.55003,27.52939,THUMB
49.59222,15.06182,22.73345,26.19468,THUMB
49.52295,14.94912,22.88291,25.04967,THUMB
49.44328,14.69192,22.96357,24.34639,THUMB
49.3824,14.68621,23.29487,24.02104,THUMB
48.60866,14.1025,22.92827,23.66551,THUMB
46.8707,13.10604,21.80782,23.13377,THUMB
41.88168,12.06534,20.28429,22.0542,THUMB
31.40035,12.34526,19.36918,21.66361,THUMB
33.21246,13.55133,20.3192,23.28075,THUMB
47.41306,15.8295,22.74655,24.09142,THUMB
55.82702,21.93326,32.22421,24.32317,THUMB
64.80162,22.08562,32.06311,26.28098,THUMB
69.10435,18.62037,33.59759,23.98612,THUMB
64.12428,14.61082,28.58064,22.72919,THUMB
70.98987,16.88025,30.11303,24.24056,THUMB
70.28802,19.78778,27.51164,28.23587,THUMB
71.18413,18.98672,23.0267,29.20902,THUMB
70.5964,19.93254,22.2505,25.55845,THUMB
67.95083,17.96749,23.62619,27.1607,THUMB
68.05575,17.3758,24.41572,29.06117,THUMB
65.29238,17.93839,24.7814,28.01427,THUMB
62.69814,18.1165,24.69868,27.84524,THUMB
61.80365,18.46557,23.97721,27.29699,THUMB
62.67654,17.85853,21.13527,24.40682,THUMB
65.09499,15.05254,18.9649,22.62211,THUMB
66.57414,13.34455,18.23004,21.78926,THUMB
66.62154,12.4055,18.02991,21.02719,THUMB
64.70325,13.12237,18.89187,21.61953,THUMB
63.76271,13.3433,19.27692,22.16757,THUMB
63.10966,13.60862,19.25005,23.07431,THUMB
63.4338,13.7408,18.86853,23.01988,THUMB
65.23237,13.18608,18.18972,22.98221,THUMB
66.12492,12.77842,17.77645,23.03901,THUMB
66.1085,13.03189,17.88182,23.96465,THUMB
64.97822,13.23651,18.19258,24.85895,THUMB
64.25861,13.17612,18.29262,25.36692,THUMB
63.74828,12.90843,18.05741,25.51705,THUMB
63.16898,12.5554,17.81323,25.02282,THUMB
61.81648,12.49654,18.26314,25.06122,THUMB
59.44955,13.41664,19.7292,25.56384,THUMB
58.2692,14.63976,20.21317,24.31948,THUMB
58.26793,15.96561,19.95179,23.61563,THUMB
55.30446,17.13975,19.64779,23.73687,THUMB
49.48566,17.65174,20.1027,24.81187,THUMB
44.29407,18.02384,21.81701,25.93134,THUMB
47.07718,16.22564,24.3205,27.54578,THUMB
52.06697,12.56034,26.40711,27.96309,THUMB
49.83512,16.34391,27.02987,27.84399,THUMB
52.13443,18.21415,25.60355,29.79201,THUMB
55.6034,14.03123,26.25712,28.3452,THUMB
49.30416,16.60947,25.70226,27.36979,THUMB
42.36197,19.0431,24.88736,27.52882,THUMB
41.88645,19.93365,24.34678,26.73591,THUMB
45.57954,19.21985,24.18435,26.39625,THUMB
48.41407,18.54091,24.10104,26.86563,THUMB
49.2201,17.65272,23.91514,27.92459,THUMB
49.45623,16.40831,23.70283,28.48063,THUMB
47.70313,15.78659,23.80662,28.77181,THUMB
43.4318,15.1286,24.13245,28.85303,THUMB
41.73491,15.1908,24.39184,28.86517,THUMB
42.14062,16.1104,24.81441,28.37379,THUMB
44.17586,16.44011,24.69452,27.90206,THUMB
45.68988,16.96782,24.61712,27.9892,THUMB
46.82578,17.1563,24.4562,28.31085,THUMB
48.01903,16.36616,23.54488,27.28632,THUMB
49.21102,15.77114,22.97681,26.20215,THUMB
49.48267,15.81058,22.90251,25.80735,THUMB
49.00116,15.85781,22.98289,25.02666,THUMB
48.70929,15.53272,23.09672,24.36999,THUMB
47.80971,15.54811,23.4232,24.90638,THUMB
45.33579,15.89133,23.6248,25.49532,THUMB
43.20961,15.6904,23.07595,25.50628,THUMB
40.43774,15.02541,22.15631,25.23878,THUMB
36.72268,15.21799,22.14748,25.53136,THUMB
34.87621,16.23446,23.14062,26.60759,THUMB
49.75231,17.85775,24.56314,26.90112,THUMB
57.09502,21.91185,26.02499,28.21713,THUMB
53.86437,20.05224,25.54959,27.6154,THUMB
54.08735,16.99602,25.58794,27.09574,THUMB
50.54942,16.65979,22.98952,26.0905,THUMB
52.23201,17.82858,21.13239,25.14896,THUMB
53.91134,17.9027,20.00862,24.41018,THUMB
56.22387,17.71155,19.60438,23.85428,THUMB
61.08762,16.99787,19.85701,23.74024,THUMB
63.35895,15.95617,20.30413,23.9949,THUMB
66.03302,14.47189,21.00206,24.14805,THUMB
65.76308,12.98394,20.94464,23.60018,THUMB
66.05998,13.24252,20.47191,23.55658,THUMB
64.72613,13.89251,20.40852,24.26992,THUMB
63.19573,15.56947,20.63235,24.37219,THUMB
62.00149,16.9604,20.88422,24.18795,THUMB
62.42892,16.36273,19.78316,24.53032,THUMB
60.75127,16.98702,21.4951,26.51093,THUMB
58.05978,16.98065,23.55692,28.56031,THUMB
54.51432,17.55639,23.90943,28.89687,THUMB
59.03941,13.96509,24.8777,27.16564,THUMB
65.73096,12.78003,23.2016,24.64133,THUMB
66.66302,20.23708,22.32505,22.88447,THUMB
66.82444,23.65433,21.35856,23.03252,THUMB
65.34016,31.02859,23.18749,24.5002,THUMB
61.97132,27.55771,23.52477,26.04425,THUMB
60.3404,18.13894,23.18872,26.1627,THUMB
54.40287,18.3523,25.74619,22.53922,THUMB
49.04026,20.26561,20.29583,23.61765,THUMB
51.41685,21.94474,17.61639,23.67799,THUMB
64.25549,10.46623,18.29934,22.88994,THUMB
81.81507,9.848859,18.92811,25.07199,THUMB
74.10548,12.3655,18.9525,32.58804,THUMB
67.8605,13.07417,19.79667,35.8109,THUMB
57.69302,16.91743,21.17742,23.07818,THUMB
50.17925,20.37384,23.33622,25.58473,THUMB
41.37328,20.59819,25.27642,28.74179,THUMB
26.37679,17.86584,25.35426,27.55575,THUMB
23.20675,15.30606,25.74492,27.85208,THUMB
24.77689,14.67572,23.00179,29.62023,THUMB
41.28913,15.78895,23.32816,30.2678,THUMB
44.03508,17.41101,24.46123,32.06675,THUMB
41.69557,19.96753,25.02349,31.91594,THUMB
42.86602,20.84313,28.94379,28.78333,THUMB
43.17596,22.3789,28.88922,26.66726,THUMB
45.07143,22.48682,24.74361,27.17502,THUMB
47.80549,20.55463,24.83698,28.29589,THUMB
49.79606,19.00285,25.35638,28.42424,THUMB
51.30543,18.35237,25.74582,28.16476,THUMB
51.90809,18.82168,25.71402,27.90604,THUMB
52.34321,19.45733,25.55025,27.56353,THUMB
51.55698,20.37352,24.88163,27.22341,THUMB
48.42307,21.93904,25.32209,27.1734,THUMB
48.38255,20.64472,24.07851,27.38969,THUMB
49.38228,17.08201,21.45546,28.5804,THUMB
53.7277,21.14723,20.74649,28.09873,THUMB
65.31188,50.55346,20.98991,28.85106,THUMB
68.55833,68.72833,24.51283,25.94679,THUMB
60.63341,35.0373,23.93937,25.52866,THUMB
50.66756,8.30851,21.39899,22.68965,THUMB
38.24773,15.39746,22.84222,23.91348,THUMB
33.71323,23.34334,25.5932,26.53905,THUMB
33.64417,17.9403,24.05976,28.91519,THUMB
55.7328,15.82647,22.64236,27.69022,THUMB
73.97346,10.13207,19.53758,23.50785,THUMB
76.8699,9.961861,16.6161,21.10834,THUMB
74.43298,12.03444,15.95378,20.05574,THUMB
69.87885,15.61865,16.33801,19.94212,THUMB
64.22454,16.42475,18.1556,22.55311,THUMB
61.52751,16.47816,19.31977,23.8557,THUMB
63.33336,16.79956,19.26591,24.92552,THUMB
71.7172,12.31587,17.28739,24.40528,THUMB
78.31134,7.459878,15.95173,19.73162,THUMB
81.69366,5.528929,13.22904,16.32503,THUMB
84.46522,5.326823,11.85179,15.45185,THUMB
81.84456,5.712956,11.74536,14.87811,THUMB
80.90977,5.61702,11.52795,15.60281,THUMB
74.47453,5.617264,11.25927,14.31526,THUMB
69.54108,5.999793,11.26066,13.04214,THUMB
67.77139,6.378673,15.4008,13.35566,THUMB
69.83441,6.206178,22.56943,22.9351,THUMB
65.37196,11.71712,25.0993,28.3916,THUMB
62.43864,14.1729,24.5129,28.90877,THUMB
61.5867,12.74,23.88501,29.78267,THUMB
59.65441,14.61438,22.72141,30.27142,THUMB
54.71775,16.46333,21.8552,29.75803,THUMB
54.10223,20.75076,21.96535,27.60162,THUMB
53.11168,20.49799,22.07931,26.45142,THUMB
51.71144,20.3426,22.67204,25.93326,THUMB
48.1063,21.74183,24.11691,25.55168,THUMB
49.54605,22.34898,23.48955,25.46518,THUMB
47.36738,23.23134,23.60038,25.58341,THUMB
57.69541,38.564,24.92953,26.62369,THUMB
62.05527,64.05827,25.71377,27.25701,THUMB
65.12486,73.77474,26.70083,27.08147,THUMB
64.81863,72.92818,26.98737,25.34511,THUMB
63.70048,72.39739,25.64057,25.90096,THUMB
62.55617,72.63937,24.69017,27.58814,THUMB
62.02584,72.37368,24.41419,27.47368,THUMB
61.71441,71.57618,24.27837,27.04877,THUMB
60.96874,71.57769,24.06561,26.53628,THUMB
57.9583,70.98349,24.34961,26.34406,THUMB
61.11461,71.44364,24.59622,26.63292,THUMB
57.55829,59.70301,23.9499,26.17896,THUMB
60.30384,66.80322,25.12537,26.46424,THUMB
62.45325,73.964,24.68421,26.61241,THUMB
64.59962,80.98471,24.08464,26.12666,THUMB
70.92701,84.81612,20.80588,24.01722,THUMB
78.32317,86.3568,17.63627,21.11287,THUMB
79.74399,91.54646,16.63771,21.71034,THUMB
75.01778,99.08298,16.82052,23.23866,THUMB
71.79349,96.83635,17.18481,23.47284,THUMB
71.54512,96.61623,17.51904,23.73086,THUMB
62.47802,13.21582,19.09475,24.02127,THUMB
63.59726,12.72266,19.64323,24.43183,THUMB
61.96041,13.62684,19.8543,24.31453,THUMB
61.40578,13.79279,19.48721,23.78878,THUMB
60.28529,13.59214,18.95851,23.6292,THUMB
59.18644,13.4603,18.69978,23.90079,THUMB
58.9155,12.17623,17.97304,24.08257,THUMB
59.21603,11.56689,17.71531,24.34573,THUMB
59.60082,11.31077,17.68476,24.56223,THUMB
60.54596,11.29301,17.72654,24.5427,THUMB
61.00684,11.51263,18.25462,25.22312,THUMB
61.94859,11.18741,18.39589,25.26283,THUMB
62.82295,10.94616,18.28798,25.05719,THUMB
63.97734,10.81682,18.17285,25.22915,THUMB
64.57945,10.68738,18.0808,25.39396,THUMB
65.14133,10.3801,17.07452,23.25539,THUMB
64.10664,10.47721,17.20526,23.26295,THUMB
63.53782,10.63965,17.33529,23.30497,THUMB
64.15508,10.79888,16.71121,21.88281,THUMB
64.5696,11.88125,16.78403,21.03977,THUMB
64.62067,13.36083,17.33011,21.1292,THUMB
63.56553,15.23156,18.73734,21.96758,THUMB
65.01464,15.91177,20.80446,22.16126,THUMB
66.15561,16.64492,22.83222,23.3316,THUMB
66.7021,16.98689,20.64834,23.35431,THUMB
63.99286,16.0691,20.54244,23.90001,THUMB
61.67081,14.69463,20.98942,28.1066,THUMB
60.58436,12.61632,20.44308,27.05318,THUMB
60.51551,11.92412,20.77642,26.46656,THUMB
59.73575,11.89456,20.90433,29.2679,THUMB
59.34182,12.2953,21.74207,36.97242,THUMB
60.31037,11.52487,21.08202,48.63746,THUMB
60.72561,11.27863,20.8856,50.5407,THUMB
60.98218,11.2883,23.16615,46.17735,THUMB
60.59304,11.43322,27.55648,43.63777,THUMB
59.93055,11.43528,28.29215,42.43726,THUMB
59.63553,11.21117,26.73629,42.689,THUMB
59.62725,11.10688,25.89277,43.01914,THUMB
59.24723,11.33715,24.77262,43.87819,THUMB
59.34961,11.23912,23.50891,45.78244,THUMB
59.63343,11.15869,23.46023,45.11184,THUMB
67.0292,15.50837,14.72527,24.80434,OPEN
66.66328,14.98667,15.0436,24.91152,OPEN
67.01591,15.06205,15.27776,24.90932,OPEN
67.16092,15.67501,15.49632,25.49183,OPEN
67.39667,16.13362,15.6708,25.75445,OPEN
68.40488,16.99363,15.93849,26.29172,OPEN
69.02435,17.25721,15.95862,26.52035,OPEN
71.65691,17.29017,15.80499,26.63488,OPEN
71.93027,17.56803,15.55086,26.10526,OPEN
71.91003,17.61598,15.24625,25.63737,OPEN
71.76228,17.81853,14.98703,25.14052,OPEN
70.82781,17.95738,15.08422,25.14,OPEN
71.48502,18.16992,15.44151,25.39812,OPEN
69.89471,18.2315,15.73103,25.34855,OPEN
71.23941,18.05341,15.76991,25.30314,OPEN
71.64843,17.88029,15.87164,25.62586,OPEN
72.1677,17.57474,15.90797,25.9042,OPEN
72.52103,17.28156,16.01025,25.84418,OPEN
72.57254,17.04185,15.90659,25.76135,OPEN
71.30492,16.66355,15.63513,25.51811,OPEN
71.12988,16.67669,15.21254,25.16611,OPEN
70.73699,16.75785,14.7371,24.91289,OPEN
69.57282,17.36157,14.0323,24.68264,OPEN
69.69216,17.575,13.63649,24.4677,OPEN
71.62669,17.71,13.55755,24.33547,OPEN
71.39589,17.73506,13.43047,24.11728,OPEN
71.28902,17.58336,13.50919,24.13362,OPEN
71.09696,17.74143,13.46482,24.04171,OPEN
71.43349,18.11977,13.39472,23.77935,OPEN
72.12007,18.1921,13.52615,23.33009,OPEN
71.68085,17.93727,13.69708,23.25771,OPEN
71.33841,17.40056,13.93823,23.51536,OPEN
71.41936,16.9799,14.13032,23.80725,OPEN
70.78707,16.85493,14.46548,24.17602,OPEN
69.35397,17.04342,14.82251,24.51328,OPEN
68.88675,17.185,15.12319,24.70307,OPEN
68.63245,17.14769,15.31757,24.75148,OPEN
68.21317,16.86353,15.86082,25.0367,OPEN
68.55646,16.70479,16.05982,25.25324,OPEN
68.79958,16.94701,16.36937,25.56415,OPEN
68.91222,17.07475,16.50719,25.63243,OPEN
69.12651,17.2238,16.76967,26.01468,OPEN
68.69279,17.3459,16.9208,26.03787,OPEN
68.33197,17.18147,16.87291,25.81322,OPEN
68.06911,17.02025,16.76418,25.46272,OPEN
68.23228,16.96437,16.71932,25.42303,OPEN
68.26944,16.86165,16.62006,25.2445,OPEN
68.2319,17.09453,16.75121,25.70308,OPEN
68.34681,17.15222,16.78139,25.83689,OPEN
68.39524,17.2716,16.84827,26.15528,OPEN
68.19415,17.42028,16.85235,26.25916,OPEN
68.27346,17.51376,16.84116,26.33013,OPEN
68.34538,17.5444,16.80779,26.32566,OPEN
68.53674,17.5921,16.74851,26.25038,OPEN
68.74418,17.53514,16.65973,26.12238,OPEN
68.71248,17.49227,16.6033,26.03737,OPEN
68.72448,17.49004,16.52817,25.98317,OPEN
68.31813,17.49874,16.52764,25.96016,OPEN
67.78997,17.36127,16.53387,25.93025,OPEN
67.45311,17.21902,16.49107,25.88384,OPEN
66.803,17.09551,16.44332,25.89135,OPEN
66.30731,17.08046,16.40428,25.85968,OPEN
64.30153,16.86131,16.21408,25.60993,OPEN
62.05766,16.60318,16.0673,25.37733,OPEN
60.59493,16.4279,15.92227,25.23645,OPEN
60.42479,16.34058,15.79639,25.17027,OPEN
60.8112,16.30123,15.68892,25.12998,OPEN
60.97195,16.29764,15.60919,25.13245,OPEN
60.49108,16.02787,15.46407,25.12373,OPEN
59.00054,15.91589,15.37194,24.99568,OPEN
57.89166,15.93019,15.30412,24.86855,OPEN
55.86687,15.87192,15.13402,24.54331,OPEN
55.04588,15.90983,15.09109,24.51878,OPEN
53.17404,16.29172,15.21978,24.21976,OPEN
51.33796,16.9184,15.55886,23.6138,OPEN
50.59022,17.15551,15.72737,23.39867,OPEN
50.34406,17.08473,15.65805,23.34841,OPEN
50.58967,16.39338,15.21534,23.39825,OPEN
50.59274,16.14429,15.03363,23.36695,OPEN
50.29269,15.9984,14.9648,23.34687,OPEN
49.52018,16.38478,15.27723,23.2007,OPEN
49.23672,16.6512,15.53049,23.19487,OPEN
49.26808,17.10208,15.70134,23.3128,OPEN
49.19289,17.27197,15.77569,23.22054,OPEN
49.68913,17.26885,15.61916,23.22503,OPEN
50.33564,17.10881,15.43151,23.45517,OPEN
51.97772,16.28545,14.71906,23.82803,OPEN
52.36597,15.88814,14.3589,23.71605,OPEN
52.18142,15.75978,14.2454,23.59686,OPEN
51.52232,15.8969,14.37336,23.41664,OPEN
50.59693,16.49803,14.83716,23.17638,OPEN
49.66413,17.0937,15.37821,22.94062,OPEN
49.45119,17.22414,15.52682,22.84245,OPEN
49.63068,17.16224,15.46542,22.90993,OPEN
50.74755,16.26248,14.88747,23.20406,OPEN
51.41099,15.98908,14.48921,23.58808,OPEN
52.0488,16.27974,14.13852,24.10891,OPEN
51.6583,16.44882,13.90672,24.54511,OPEN
51.26899,16.50275,13.75369,24.67108,OPEN
50.19806,16.71467,13.90581,24.29603,OPEN
49.83475,16.6774,13.97096,23.80102,OPEN
49.84589,16.3602,13.84698,23.30202,OPEN
50.14737,16.03302,13.54698,23.02917,OPEN
50.22666,15.8855,13.3719,22.81127,OPEN
50.21483,15.75041,13.26056,22.69452,OPEN
50.09513,15.71727,13.2538,22.69987,OPEN
50.02484,15.7534,13.26732,22.86306,OPEN
50.0148,15.86037,13.29546,23.02502,OPEN
49.94874,16.09195,13.30306,23.23773,OPEN
49.94123,16.43871,13.28368,23.39046,OPEN
49.77734,16.66807,13.33526,23.61297,OPEN
49.65431,16.8068,13.42579,23.83416,OPEN
49.71215,16.83453,13.45875,24.00009,OPEN
49.93851,16.65954,13.86554,24.22933,OPEN
51.82315,16.32845,14.10703,24.67219,OPEN
57.46612,16.64286,15.21461,25.91223,OPEN
61.94189,16.55425,16.60114,26.6283,OPEN
66.20575,16.88304,17.24466,27.23749,OPEN
69.71389,17.42809,17.02638,27.63628,OPEN
69.49146,17.14438,16.13192,27.4453,OPEN
64.24303,16.083,14.57517,25.25742,OPEN
61.75241,15.41641,13.62462,23.29019,OPEN
59.85239,14.68928,12.44456,21.43863,OPEN
55.02844,13.10875,13.0758,19.54087,OPEN
47.21938,11.64992,13.5068,18.4295,OPEN
40.27872,10.75665,13.98742,17.93399,OPEN
41.86665,11.43103,15.22621,18.4804,OPEN
46.221,13.13386,16.09946,19.83611,OPEN
56.6781,15.09656,16.95197,22.12784,OPEN
58.0699,15.84878,19.40897,24.21893,OPEN
58.49084,17.43503,18.71292,24.23075,OPEN
57.9985,18.01202,18.03634,23.8204,OPEN
54.75437,17.60309,17.337,23.87357,OPEN
58.02065,16.76703,17.19506,23.85548,OPEN
60.38735,15.98988,17.81881,24.46331,OPEN
61.28229,16.77154,16.42084,24.75317,OPEN
59.20284,18.99877,15.52655,25.26294,OPEN
54.22591,18.48977,15.08998,24.27734,OPEN
47.91808,17.4015,15.15252,21.91967,OPEN
38.59416,13.87354,16.2432,18.41562,OPEN
44.91407,14.28512,15.82118,18.17414,OPEN
56.06774,16.84226,13.06662,18.84304,OPEN
61.24406,18.21347,44.49379,18.18274,OPEN
60.39067,20.17667,50.55817,18.75494,OPEN
59.52775,20.61203,49.40539,18.54677,OPEN
59.05799,20.19001,45.97723,18.83138,OPEN
58.69479,19.8355,45.15876,18.92686,OPEN
56.95671,19.84259,46.20292,18.817,OPEN
56.2705,18.78515,40.65898,18.82687,OPEN
56.04945,17.82559,37.52015,17.17364,OPEN
48.5163,14.69287,13.0115,20.83963,OPEN
42.57685,12.85553,15.52419,16.7757,OPEN
40.60093,13.68789,17.30564,18.2388,OPEN
56.49934,16.50204,16.21777,24.47571,OPEN
64.9992,17.80635,16.71391,27.21643,OPEN
70.01292,17.87251,17.40851,27.11564,OPEN
68.18396,18.40614,17.37846,25.61502,OPEN
67.17461,18.44149,17.2145,24.80361,OPEN
66.08901,18.35278,17.18141,24.45748,OPEN
65.95274,18.42415,17.17558,23.94024,OPEN
67.39865,18.41144,17.20716,23.57983,OPEN
68.36645,18.28284,17.28433,23.71981,OPEN
68.98169,18.19798,17.62126,23.88193,OPEN
67.53195,17.56048,17.98101,24.59068,OPEN
59.68087,18.03474,17.64062,25.1636,OPEN
46.59509,17.37582,18.37098,22.84436,OPEN
39.236,16.13023,18.47859,20.55473,OPEN
55.72399,15.44428,15.16114,19.29257,OPEN
60.42532,16.57073,20.92865,28.23018,OPEN
60.86872,17.90681,39.4607,24.68766,OPEN
60.04865,18.79147,45.66536,20.73241,OPEN
59.09646,18.95329,43.65062,20.40423,OPEN
58.27102,18.8172,40.54468,21.39175,OPEN
57.10687,18.99334,40.57698,21.21463,OPEN
56.00029,18.88044,43.02039,20.4138,OPEN
55.69183,16.92004,35.70202,19.58865,OPEN
52.17137,13.97803,12.38375,31.90787,OPEN
45.37897,13.16372,14.6037,26.62727,OPEN
48.68653,15.99166,15.85366,27.63281,OPEN
59.60895,18.50559,17.4112,27.28092,OPEN
64.95679,17.90881,17.80569,26.82499,OPEN
66.22672,17.41735,17.81544,26.02366,OPEN
65.52224,17.18642,17.62732,24.51163,OPEN
64.36945,16.63933,17.37,23.70095,OPEN
64.12349,16.36035,17.5843,23.80821,OPEN
64.19495,16.41726,17.83687,23.98038,OPEN
64.10246,16.80129,17.99416,24.04476,OPEN
63.87571,17.03049,18.21406,23.96117,OPEN
63.72434,16.91831,18.48783,23.89812,OPEN
62.91931,16.64031,18.81162,23.75165,OPEN
62.14784,16.8828,18.65178,23.63701,OPEN
62.24215,17.20603,18.77201,23.87565,OPEN
62.89284,17.65226,18.81725,24.06636,OPEN
64.1292,17.55938,18.79226,23.78931,OPEN
65.64542,17.30179,18.49614,23.57804,OPEN
63.5844,17.0831,18.05068,24.10738,OPEN
51.6487,17.22037,17.00731,24.03427,OPEN
38.89948,15.90858,15.62773,21.49553,OPEN
38.07662,14.11831,15.00215,19.35855,OPEN
41.33906,12.8517,13.43341,18.20243,OPEN
41.55281,11.70409,12.22592,16.42979,OPEN
33.39137,11.10406,11.52978,15.05811,OPEN
40.2875,12.91318,14.30105,18.33046,OPEN
49.82277,13.86695,15.68834,19.28505,OPEN
57.00194,16.05833,18.1329,23.8318,OPEN
55.07904,18.58563,18.8841,25.31764,OPEN
51.36116,19.6787,18.39469,24.92105,OPEN
49.72374,19.42893,18.0365,24.46457,OPEN
50.40976,18.24174,17.67758,23.95154,OPEN
57.64779,17.14597,17.10511,23.95165,OPEN
62.98635,17.50098,16.29675,24.52316,OPEN
60.33201,18.44501,15.47619,24.81873,OPEN
51.11238,17.54286,15.10133,23.16874,OPEN
45.54774,16.14798,14.97876,20.49669,OPEN
42.2647,15.6496,15.2038,19.62813,OPEN
37.91724,13.80779,15.36992,18.45404,OPEN
47.69884,14.95081,15.40072,19.33239,OPEN
53.2029,16.08946,15.626,20.23921,OPEN
58.59164,17.78629,16.7254,24.25066,OPEN
58.41264,17.80209,18.08493,33.95802,OPEN
58.32288,17.52345,20.47641,37.02259,OPEN
57.82316,17.35055,19.76784,38.36552,OPEN
57.75591,17.25521,18.95947,36.46715,OPEN
57.83487,17.32701,18.559,33.40381,OPEN
57.69994,17.3124,18.2157,30.69885,OPEN
57.396,17.16745,17.94266,29.08258,OPEN
55.94157,16.79143,17.18966,26.67831,OPEN
54.49021,16.28433,16.2728,24.56149,OPEN
53.9315,15.68524,15.37826,21.88683,OPEN
53.93951,15.36336,14.85971,20.59177,OPEN
49.70758,15.05462,14.42757,19.19853,OPEN
45.43578,14.34579,14.16285,19.01524,OPEN
36.99622,12.62867,13.11934,17.65344,OPEN
37.24316,13.48677,14.07455,18.2065,OPEN
41.52959,15.19581,15.43804,19.51898,OPEN
44.32729,16.28423,15.88638,21.07007,OPEN
55.10608,18.15819,16.14639,23.69194,OPEN
59.08506,17.9858,16.93156,25.05931,OPEN
57.46206,17.49954,17.95904,25.0863,OPEN
54.56898,17.65582,18.78436,25.12854,OPEN
53.60941,17.81008,19.34956,25.00212,OPEN
54.83234,18.08589,19.57599,25.0989,OPEN
56.5577,18.1125,18.88642,25.21987,OPEN
58.30675,17.96255,18.02022,24.97575,OPEN
59.30669,17.83545,18.23638,24.68314,OPEN
60.35357,17.5187,18.67985,24.24923,OPEN
61.87233,17.36094,18.57611,23.69754,OPEN
63.63773,17.56446,18.05167,23.44992,OPEN
63.93863,18.05316,17.5768,23.31738,OPEN
63.51978,19.24583,16.74338,23.0901,OPEN
63.83537,19.95079,16.51255,23.076,OPEN
63.67272,20.26003,16.77382,23.45403,OPEN
62.88445,20.23946,17.28404,24.20025,OPEN
62.13112,20.2077,17.35803,24.52892,OPEN
61.49831,20.15214,17.19128,24.81697,OPEN
61.15168,20.24305,17.04994,24.9607,OPEN
61.10673,20.02786,16.82656,24.92876,OPEN
61.06852,19.38886,16.68853,25.01914,OPEN
59.8077,18.23422,16.93331,25.09966,OPEN
58.95542,17.70983,17.19686,25.11011,OPEN
58.37185,17.47523,17.72613,25.11445,OPEN
57.31393,17.35427,18.38142,25.16369,OPEN
56.50278,17.44892,18.08692,25.18557,OPEN
56.74936,17.53058,17.56699,24.97952,OPEN
56.88795,18.25803,16.47697,25.03765,OPEN
56.5168,18.58047,16.22228,24.8587,OPEN
56.04881,19.12593,16.10629,24.79026,OPEN
56.34245,19.82152,16.30005,25.09758,OPEN
57.52303,19.85726,16.44026,25.22022,OPEN
58.2996,19.4763,16.30226,25.11784,OPEN
57.10747,18.98951,16.06344,24.92239,OPEN
56.3997,18.6085,15.93326,24.80667,OPEN
56.14011,18.47492,15.80684,24.61469,OPEN
56.11515,18.45415,15.77132,24.51054,OPEN
56.57719,18.54471,15.89655,24.47677,OPEN
57.98994,18.443,16.18203,24.72959,OPEN
59.62338,17.84192,17.15177,25.24345,OPEN
59.96276,17.57414,17.76842,26.08902,OPEN
58.70557,17.64459,17.23042,26.49614,OPEN
54.32053,16.21017,16.07823,24.41385,OPEN
52.8744,14.75193,14.65065,22.00301,OPEN
50.79909,13.55353,13.40234,19.78101,OPEN
46.55552,12.47846,13.71062,18.79904,OPEN
43.047,12.52565,14.26328,18.52941,OPEN
41.59109,13.26483,15.17667,19.11004,OPEN
41.40131,13.93703,15.93882,19.73695,OPEN
49.44872,15.31229,16.96344,20.99838,OPEN
56.61561,16.44785,17.86967,23.36847,OPEN
57.04317,17.76192,19.6022,24.89581,OPEN
52.99192,17.91493,18.4688,24.57597,OPEN
52.50647,17.62359,16.77549,24.1739,OPEN
53.25467,17.79645,15.75139,23.81554,OPEN
52.90948,18.09918,15.33307,22.76768,OPEN
55.17438,18.50137,15.31933,22.60888,OPEN
55.97577,18.19051,15.30912,23.11161,OPEN
53.63755,16.85074,14.83983,22.92743,OPEN
47.66086,15.94129,15.29,21.60317,OPEN
42.16823,14.98421,15.65199,20.14854,OPEN
43.56921,14.57311,15.96055,20.0048,OPEN
53.859,15.16855,15.71003,21.38944,OPEN
55.3376,15.8134,15.70207,22.77936,OPEN
56.126,15.76044,15.43606,22.81633,OPEN
56.4462,15.49944,14.71816,22.74725,OPEN
56.81738,15.16759,14.9445,21.99953,OPEN
55.41077,14.88084,14.84928,21.39125,OPEN
51.94595,15.16399,14.41244,20.84863,OPEN
46.8675,15.54235,14.07045,20.75075,OPEN
42.40838,15.79182,13.98677,20.45397,OPEN
40.86967,16.30154,14.54906,20.5599,OPEN
46.06621,16.33856,15.49548,20.63057,OPEN
50.10429,15.31746,14.87516,19.48895,OPEN
56.39246,13.91856,12.59647,16.85118,OPEN
60.34586,13.47316,12.5469,17.03617,OPEN
51.02128,13.63559,14.03288,18.55859,OPEN
45.27911,14.29128,14.9258,19.96159,OPEN
44.86309,12.06135,13.65678,17.32809,OPEN
40.41334,12.94911,14.23036,17.97174,OPEN
48.00932,14.77461,17.01095,21.16286,OPEN
50.7634,16.92567,17.9331,22.42701,OPEN
52.71656,18.95541,15.16974,22.64335,OPEN
53.72161,18.79253,14.89667,22.53487,OPEN
54.10074,16.73862,13.92531,22.74557,OPEN
51.70734,15.64771,13.51899,22.17723,OPEN
45.22347,14.47715,14.18708,20.2948,OPEN
41.17929,14.77293,15.26543,19.38741,OPEN
36.00785,13.0208,15.0493,16.95591,OPEN
32.38272,9.954297,13.26968,17.0067,OPEN
36.80249,10.17237,12.204,16.36597,OPEN
35.68641,10.03831,10.17608,15.4478,OPEN
27.71504,11.31151,11.03141,15.74931,OPEN
25.68137,12.62831,12.59083,16.57995,OPEN
42.61933,13.50062,14.92727,19.33869,OPEN
50.57394,16.71072,17.11554,22.96717,OPEN
54.06925,19.26644,18.27511,24.17771,OPEN
53.35942,19.69497,18.19055,24.65092,OPEN
51.57832,19.87911,15.02405,25.02,OPEN
51.0562,16.87201,14.53722,22.60247,OPEN
50.86451,14.98645,14.38196,20.42498,OPEN
49.09668,14.16518,14.65334,19.82149,OPEN
49.85182,13.91833,14.63652,19.95944,OPEN
51.57838,14.21216,14.01395,20.56986,OPEN
48.36517,15.03153,14.60426,20.98223,OPEN
48.52588,17.86907,14.55738,22.13735,OPEN
49.18183,20.27289,14.71507,23.6952,OPEN
51.88054,20.12903,14.80449,23.50287,OPEN
54.65073,20.01636,14.73129,22.71498,OPEN
57.42348,19.69934,14.53037,22.08434,OPEN
59.39466,19.1027,14.95623,22.17218,OPEN
57.94635,18.13117,18.55161,23.03685,OPEN
55.49759,19.36374,19.27723,24.36687,OPEN
55.38794,18.12404,16.97836,25.46545,OPEN
52.19732,15.41903,15.22275,23.84387,OPEN
43.25807,13.12749,14.94719,20.60118,OPEN
40.0038,12.75243,15.14219,19.39528,OPEN
39.40539,13.20568,15.06439,18.97096,OPEN
37.14852,12.62312,13.81091,17.69117,OPEN
38.56868,13.51461,14.25039,17.97374,OPEN
41.17716,14.43307,15.13514,19.78715,OPEN
42.95473,16.29986,15.82949,21.72996,OPEN
42.44101,16.84595,16.41742,21.54912,OPEN
45.65591,15.25665,15.80335,21.66206,OPEN
50.96927,18.68713,35.85371,19.73241,OPEN
50.62867,17.9267,43.66051,18.8955,OPEN
49.98503,17.0979,20.83698,31.4164,OPEN
49.11927,16.38893,15.97579,23.36609,OPEN
48.84973,15.86817,14.8845,20.3034,OPEN
48.91364,15.73485,13.89572,18.78453,OPEN
46.50405,14.83541,13.949,19.36137,OPEN
43.1823,14.164,13.95875,20.24792,OPEN
41.54526,14.81641,14.53817,20.76484,OPEN
41.24676,14.88158,14.6323,20.14592,OPEN
45.4006,13.06482,13.65111,18.32395,OPEN
44.88318,10.62745,12.48424,17.29703,OPEN
41.46272,10.00054,11.08615,16.6103,OPEN
38.53563,10.182,11.02486,16.5365,OPEN
29.88489,11.9586,10.26257,14.8122,OPEN
33.51277,9.028197,9.457376,12.61639,OPEN
40.50952,11.39159,13.09828,16.78033,OPEN
53.9966,14.14717,16.06348,21.13209,OPEN
64.00967,17.20043,18.95293,25.5644,OPEN
62.71174,19.88368,17.67882,25.0571,OPEN
59.78259,19.92244,15.02372,22.88451,OPEN
60.67231,19.54414,14.24223,22.19414,OPEN
62.19049,19.05805,14.15474,22.0445,OPEN
61.74547,19.07944,14.49485,23.13383,OPEN
58.62045,17.37845,13.76741,23.30264,OPEN
55.61167,15.96452,13.48526,22.61144,OPEN
43.46735,14.30161,14.39599,19.62411,OPEN
39.13844,14.59077,15.51476,19.16991,OPEN
44.20452,14.57252,15.50144,19.96843,OPEN
50.30721,15.28331,15.4685,20.84352,OPEN
54.08206,15.65018,15.37455,21.46737,OPEN
56.91587,15.70171,14.79334,21.52241,OPEN
57.86567,15.72161,15.28259,22.60817,OPEN
58.75659,15.77203,16.04269,23.94307,OPEN
55.53226,15.94399,16.34008,24.68834,OPEN
54.92811,16.02059,16.20533,23.84981,OPEN
54.98376,15.94402,15.98347,22.99771,OPEN
54.13161,15.77713,15.44126,22.27694,OPEN
53.1157,15.12939,14.56719,20.89587,OPEN
45.61346,14.15278,13.98496,19.3959,OPEN
42.13168,14.15396,14.00778,19.23066,OPEN
48.42608,15.12902,13.79597,20.66725,OPEN
53.72197,16.58765,14.31518,22.56014,OPEN
56.22345,17.56527,14.70701,23.32895,OPEN
55.9317,17.96026,14.99651,23.44418,OPEN
54.81767,17.82149,14.95089,23.30749,OPEN
51.32292,17.14781,14.07676,22.96817,OPEN
49.86845,16.43607,13.77166,22.49389,OPEN
42.69173,14.5535,14.55523,20.1383,OPEN
35.1027,12.37717,12.76294,16.61817,OPEN
35.49287,11.64935,13.0167,16.39257,OPEN
40.16195,12.59319,13.56719,17.92685,OPEN
42.06502,13.14291,13.71135,18.69331,OPEN
36.15347,10.77537,12.42457,18.18821,OPEN
40.97465,8.794172,11.58315,17.30694,OPEN
37.93472,8.817907,12.15249,16.91054,OPEN
32.00912,9.886265,9.713388,15.00685,OPEN
32.93793,9.696756,7.733932,13.32299,OPEN
33.78871,9.136478,7.464033,12.82472,OPEN
39.50924,12.35076,12.60325,17.31405,OPEN
43.21245,13.1289,14.62032,19.12814,OPEN
56.15981,15.04545,18.89087,23.41572,OPEN
58.32296,16.72141,20.59322,24.78603,OPEN
52.92746,18.16646,16.7547,23.80759,OPEN
51.75306,18.37361,14.98742,24.74915,OPEN
54.47956,18.13898,15.25374,24.93663,OPEN
56.89505,18.59969,16.9997,24.64228,OPEN
57.53139,18.6137,19.5421,25.36307,OPEN
57.16568,17.33867,21.47986,25.17466,OPEN
57.35587,17.36563,21.48945,25.08404,OPEN
56.47541,17.83138,20.53822,26.58262,OPEN
52.71144,17.74082,17.0825,26.56304,OPEN
45.57793,16.25465,15.0985,22.50956,OPEN
41.81873,15.46436,14.61938,19.6904,OPEN
36.62593,12.98607,13.56384,17.86039,OPEN
40.42059,12.91648,13.94244,17.80056,OPEN
48.87867,14.35744,14.34164,18.94862,OPEN
52.64376,15.50704,14.87509,20.61628,OPEN
54.42117,16.39885,15.87712,23.12209,OPEN
53.94743,16.06808,15.77491,24.28638,OPEN
53.16341,15.71803,15.45975,24.68883,OPEN
51.40221,15.48313,15.13011,24.55895,OPEN
50.06404,15.42604,14.74848,23.43174,OPEN
49.35778,15.26318,14.33004,21.95498,OPEN
45.96156,14.67681,14.46099,19.85234,OPEN
42.11687,15.06185,15.32689,19.72041,OPEN
46.51937,15.70424,14.34782,20.46638,OPEN
54.15459,18.17297,14.16241,22.92377,OPEN
57.19798,19.20379,14.73213,23.79932,OPEN
57.10322,19.72344,14.77996,23.54366,OPEN
55.83417,19.86745,14.88302,23.16423,OPEN
52.87244,18.75492,14.65366,23.35084,OPEN
51.98201,17.40297,14.54834,23.57033,OPEN
52.10858,16.92095,14.42016,23.8606,OPEN
51.60068,16.80658,14.26275,23.74899,OPEN
51.50832,16.57732,14.04457,23.44903,OPEN
46.14043,15.34014,14.4469,21.26401,OPEN
35.90147,13.14839,13.89511,18.03185,OPEN
38.70749,12.99795,14.57453,18.28493,OPEN
48.40115,14.97515,15.36577,20.01925,OPEN
51.78069,16.24763,15.78503,21.53437,OPEN
51.7759,16.63317,15.59701,23.41886,OPEN
50.99092,16.41098,15.43136,23.24129,OPEN
50.3799,16.03243,14.9696,22.60159,OPEN
49.80263,15.90736,14.8153,22.10296,OPEN
52.10043,15.77698,15.0064,21.36826,OPEN
50.00179,14.32076,14.51471,20.23363,OPEN
41.19959,12.06804,13.58474,18.15521,OPEN
35.68336,12.76135,13.55829,18.16613,OPEN
34.37164,13.08325,13.9899,18.36078,OPEN
39.34921,13.14953,14.94014,18.98286,OPEN
43.23115,13.17642,14.82771,19.17855,OPEN
46.83565,13.78763,15.1588,19.9525,OPEN
50.97247,14.37112,15.93041,21.83918,OPEN
54.25329,14.71434,16.725,24.1053,OPEN
56.06174,14.81002,17.18851,25.59006,OPEN
56.96595,14.89121,17.58562,26.68441,OPEN
55.62646,16.1743,17.38011,26.20278,OPEN
52.69539,16.96557,18.61256,24.82653,OPEN
52.35932,17.91108,15.87748,22.73119,OPEN
54.0225,17.90424,14.10966,21.71696,OPEN
52.95585,17.23212,13.27209,22.37601,OPEN
51.57626,16.54047,13.28109,23.08732,OPEN
50.09343,15.5871,12.97038,22.44649,OPEN
48.67772,15.13448,13.0788,21.8634,OPEN
48.16471,14.52083,13.19153,20.69592,OPEN
49.45315,14.53835,13.26004,19.90792,OPEN
50.3743,15.06879,13.54914,19.29856,OPEN
50.24757,15.62043,14.34674,19.30163,OPEN
47.62805,15.51548,15.33761,19.46579,OPEN
47.81398,15.3407,15.72332,19.99411,OPEN
48.89691,15.16705,15.73011,20.27914,OPEN
49.74883,15.06122,15.73281,20.5655,OPEN
48.64046,14.45498,15.59501,20.17258,OPEN
47.24609,13.95893,15.55383,19.92027,OPEN
46.81931,13.74501,15.51944,19.89267,OPEN
46.86362,13.73815,15.4718,19.97852,OPEN
48.89061,14.08841,15.26047,20.68682,OPEN
52.26142,13.99479,14.82643,21.63972,OPEN
51.80382,15.03551,18.68581,23.05472,CLOSE
51.76183,15.25753,18.35218,22.47926,CLOSE
51.21174,14.9227,18.12297,22.0299,CLOSE
50.98477,14.57498,18.08017,21.64571,CLOSE
50.75633,14.38843,17.77184,21.32399,CLOSE
50.24829,14.37366,17.59677,20.96497,CLOSE
50.02471,13.74448,17.57725,21.02616,CLOSE
50.04492,13.83941,17.59111,20.94398,CLOSE
50.21515,13.97215,17.67938,21.02864,CLOSE
50.33017,14.14071,17.6824,20.98412,CLOSE
50.55077,14.38953,17.76206,20.93757,CLOSE
50.40411,14.14996,17.7826,20.90278,CLOSE
50.18906,13.79448,17.80485,21.02306,CLOSE
49.91774,13.16548,17.97729,21.35069,CLOSE
50.57157,13.23818,18.28535,21.39169,CLOSE
51.66062,13.5478,18.74817,21.32918,CLOSE
52.33561,13.74469,19.19896,21.24117,CLOSE
52.66468,13.7102,19.63419,21.22551,CLOSE
54.33432,14.16035,20.06479,21.13857,CLOSE
56.13653,14.65181,20.36125,21.02163,CLOSE
56.92812,14.73726,20.45321,21.07712,CLOSE
57.08793,13.84826,20.56383,24.64415,CLOSE
60.46741,16.5534,19.96106,25.57472,CLOSE
59.71902,15.38628,20.69481,24.56012,CLOSE
58.37213,15.46898,22.18233,23.66967,CLOSE
56.9446,15.59627,23.16106,24.23517,CLOSE
55.2188,15.87893,23.84509,25.84272,CLOSE
54.13434,15.98433,23.87117,26.56586,CLOSE
53.1385,16.01829,23.74849,26.82067,CLOSE
52.58207,15.90836,23.50712,26.51994,CLOSE
52.42282,15.81438,23.4161,25.71961,CLOSE
53.55528,16.35891,23.46785,25.25785,CLOSE
57.99728,22.11271,23.92539,24.93661,CLOSE
52.23217,21.49862,27.24918,25.39977,CLOSE
51.29481,17.15412,27.27642,25.39311,CLOSE
43.96577,13.53469,20.65095,26.90565,CLOSE
38.51143,10.47409,17.52076,24.15029,CLOSE
36.08611,9.483776,15.92147,21.33347,CLOSE
36.81656,8.939405,14.94137,19.86068,CLOSE
34.22724,9.570148,15.73176,20.67826,CLOSE
37.43484,12.07158,19.02526,24.0159,CLOSE
47.23021,20.90648,27.1907,26.29185,CLOSE
49.20378,16.48241,24.74941,26.72411,CLOSE
53.78578,13.10413,19.40772,22.27107,CLOSE
51.74913,13.65829,16.79524,20.64072,CLOSE
49.53553,14.14233,15.14784,21.96371,CLOSE
49.31082,15.28209,15.50021,22.09117,CLOSE
50.86462,14.92478,17.93309,22.00291,CLOSE
51.8507,14.55333,21.95252,21.72311,CLOSE
56.43281,17.29169,25.02713,25.48847,CLOSE
53.11326,24.02196,27.3067,25.22194,CLOSE
44.61649,17.24304,25.87881,23.94478,CLOSE
37.86036,14.1694,21.28562,23.97077,CLOSE
33.97677,12.42,19.40598,24.11779,CLOSE
34.32728,12.27102,19.5039,24.67513,CLOSE
36.39069,14.67615,21.86858,24.6886,CLOSE
34.32111,18.00494,24.14347,24.8036,CLOSE
33.55313,21.33292,28.76476,26.16782,CLOSE
47.10885,20.79714,31.52129,27.01779,CLOSE
55.0347,20.85463,24.54879,29.47283,CLOSE
53.06252,18.60849,20.64824,25.73199,CLOSE
46.37026,14.59128,16.55179,22.82777,CLOSE
36.08592,6.869184,14.77249,16.66252,CLOSE
29.10548,4.89973,12.27308,13.19543,CLOSE
32.36829,6.664709,14.18055,17.18259,CLOSE
40.99805,11.93274,18.66729,23.0092,CLOSE
49.60206,17.97143,23.46215,25.14616,CLOSE
63.24672,25.90401,24.38507,24.00309,CLOSE
64.06377,30.68384,22.94117,23.59599,CLOSE
55.38179,30.59873,25.42099,22.41387,CLOSE
47.34326,26.11973,27.59836,24.2635,CLOSE
50.10637,18.35091,25.26079,25.4031,CLOSE
38.36217,15.93075,23.75323,25.63104,CLOSE
35.30488,13.56386,22.48978,26.37107,CLOSE
29.56693,11.20906,20.80959,25.34892,CLOSE
30.01027,11.96387,21.44539,25.54086,CLOSE
33.41804,13.12182,22.23314,25.52794,CLOSE
41.03912,18.99196,25.46593,26.20672,CLOSE
39.84829,21.71858,27.23214,26.46719,CLOSE
65.23783,18.45513,27.79702,28.26705,CLOSE
61.48845,15.58462,20.46198,27.94778,CLOSE
49.36434,13.18979,16.39976,22.59421,CLOSE
46.3,11.35092,14.71917,21.23445,CLOSE
46.69699,9.53335,14.54307,21.35251,CLOSE
45.94705,8.91262,15.60682,21.57658,CLOSE
43.59976,10.29587,16.84535,21.83312,CLOSE
44.21982,13.19382,18.05063,22.1476,CLOSE
44.28311,13.4695,20.81639,23.1664,CLOSE
47.58056,16.53236,23.49998,24.83517,CLOSE
62.68689,30.05516,25.18687,24.21939,CLOSE
52.15218,20.3897,26.00292,25.83594,CLOSE
42.9516,12.284,20.63655,27.32965,CLOSE
44.04851,10.18779,19.3347,27.40821,CLOSE
46.56253,9.363259,18.09432,25.04128,CLOSE
44.74176,9.288571,18.33834,23.97238,CLOSE
43.8348,9.705876,18.86363,24.49534,CLOSE
44.7523,11.10321,20.20825,27.43367,CLOSE
45.22536,11.57965,20.60044,28.91285,CLOSE
43.85265,11.41658,20.30942,29.00968,CLOSE
42.55832,11.53164,20.43394,29.19061,CLOSE
39.15044,12.1938,22.80068,26.40968,CLOSE
42.57561,13.10085,23.40019,25.28374,CLOSE
45.30777,20.29778,25.00831,25.38158,CLOSE
57.25912,16.47988,23.39222,25.69712,CLOSE
57.31633,14.07014,20.50622,21.52638,CLOSE
59.17848,12.96744,17.30937,23.76373,CLOSE
48.14325,12.21482,14.32658,21.02252,CLOSE
45.45946,11.12298,13.90125,20.99496,CLOSE
44.5072,9.943841,14.63085,21.80546,CLOSE
42.98927,9.91443,16.49868,22.18862,CLOSE
41.09571,12.58613,18.57213,22.53243,CLOSE
43.99373,14.93762,21.03708,23.46321,CLOSE
49.54501,20.02245,23.17777,23.82267,CLOSE
56.32268,22.79895,25.73585,28.68007,CLOSE
53.07175,23.3342,28.9606,28.7399,CLOSE
49.20518,23.9973,28.46097,24.76356,CLOSE
42.85244,16.65514,24.03571,25.60282,CLOSE
40.32719,12.5232,20.93305,27.85846,CLOSE
38.66215,12.61296,21.84686,29.78184,CLOSE
41.49508,12.32847,21.307,30.09629,CLOSE
42.98718,12.1333,21.27104,30.01304,CLOSE
37.91026,13.50781,24.23408,28.42332,CLOSE
28.5934,14.05872,23.88585,25.49149,CLOSE
32.1633,10.66164,18.44555,22.23864,CLOSE
48.16343,17.68413,21.78729,26.01519,CLOSE
72.01079,20.52022,25.38027,28.54014,CLOSE
75.03432,20.80691,27.37498,26.80611,CLOSE
60.7176,15.65506,17.38144,24.43044,CLOSE
50.28095,13.18633,15.03993,22.58615,CLOSE
43.01995,9.779637,14.97586,23.26007,CLOSE
42.97777,9.836452,17.11003,23.30783,CLOSE
42.27916,10.24386,17.5091,23.41422,CLOSE
44.35248,12.56775,19.58853,24.71998,CLOSE
47.53836,14.19708,20.45416,25.08027,CLOSE
49.52852,15.10316,20.58626,24.99437,CLOSE
51.04609,15.78268,20.24047,24.78004,CLOSE
50.7241,15.64219,19.75326,24.18459,CLOSE
50.28836,14.39517,19.66092,24.10395,CLOSE
50.3522,13.4231,19.68868,24.13917,CLOSE
50.74253,12.92737,19.86398,24.5366,CLOSE
52.01678,13.22962,20.2051,24.74212,CLOSE
52.93643,13.46637,20.55781,25.15311,CLOSE
53.96057,13.7363,20.93797,25.69682,CLOSE
54.5977,13.98109,21.16832,25.87111,CLOSE
54.83703,14.03971,21.28518,25.71519,CLOSE
55.63372,14.31643,21.6574,25.22896,CLOSE
56.74043,15.03528,21.90096,24.4978,CLOSE
55.58426,14.72136,22.16859,24.34059,CLOSE
55.11425,14.82459,22.32321,24.86913,CLOSE
54.60679,14.73431,22.56573,25.96926,CLOSE
55.02182,14.57407,22.8201,27.01981,CLOSE
55.61559,14.55692,22.31463,26.87747,CLOSE
55.90285,14.10693,21.35263,26.31211,CLOSE
56.87286,13.78151,20.04582,25.39459,CLOSE
63.65158,18.3853,19.58484,22.6198,CLOSE
65.13283,21.76736,20.62388,21.61337,CLOSE
50.49294,21.48686,22.32873,21.79012,CLOSE
44.14268,15.09104,20.43763,26.37625,CLOSE
39.97068,12.35093,18.30718,26.50417,CLOSE
39.10912,11.10298,17.13088,25.38811,CLOSE
38.93189,10.55684,16.54589,24.78898,CLOSE
38.29916,9.955305,15.73516,24.18289,CLOSE
38.10197,10.0121,15.74702,23.51083,CLOSE
38.18857,10.00402,15.66953,22.98253,CLOSE
39.35757,10.15216,15.73921,23.0771,CLOSE
41.18307,10.47182,16.21723,23.65661,CLOSE
41.9889,10.60755,16.44886,24.19571,CLOSE
41.16094,10.83965,16.89472,24.59682,CLOSE
41.31797,11.10973,17.60068,25.49808,CLOSE
42.03209,11.25365,18.01332,26.11743,CLOSE
42.35222,11.21712,17.98256,26.04545,CLOSE
42.62383,10.70999,17.65477,25.90223,CLOSE
42.78849,10.49689,17.49638,25.88839,CLOSE
44.33699,10.66537,17.48634,25.76023,CLOSE
44.67711,10.60404,17.36204,25.52064,CLOSE
44.64011,10.66216,17.57838,25.79041,CLOSE
44.10436,10.55449,17.98843,25.24931,CLOSE
41.83273,10.39215,18.31428,24.34236,CLOSE
39.4754,10.39315,19.05056,23.41294,CLOSE
39.77551,9.933433,19.1656,23.02422,CLOSE
41.86565,9.610121,18.43227,22.94006,CLOSE
45.05527,9.275042,17.16813,23.26014,CLOSE
46.3777,9.363489,17.83189,23.15559,CLOSE
47.50378,9.858338,18.54097,23.25708,CLOSE
48.48507,9.499247,18.14547,22.16802,CLOSE
50.85152,9.802973,17.25646,21.36518,CLOSE
53.11558,10.79756,16.01322,20.55753,CLOSE
54.64208,10.28126,14.94917,19.42229,CLOSE
56.08825,9.457314,14.39074,18.78328,CLOSE
56.09293,8.970035,14.14436,18.68701,CLOSE
55.08372,8.848154,14.13352,18.87664,CLOSE
52.31071,8.687742,14.73825,19.70033,CLOSE
48.44896,8.657825,15.64568,21.00564,CLOSE
45.4249,9.155472,16.34343,22.25645,CLOSE
41.07138,9.584414,17.6177,23.17943,CLOSE
41.87196,10.14319,18.76412,24.9686,CLOSE
44.28675,10.35558,18.87918,25.91379,CLOSE
49.37704,10.98292,18.92343,22.84813,CLOSE
50.9114,11.91112,18.59423,23.08622,CLOSE
50.51995,12.41999,18.97324,24.96708,CLOSE
46.48497,13.79945,20.18587,26.30921,CLOSE
46.1422,14.15241,21.27453,25.98931,CLOSE
43.6244,13.26187,21.40779,25.99039,CLOSE
45.43888,12.03821,21.86318,27.06177,CLOSE
52.55431,14.14397,23.28797,26.88934,CLOSE
47.38254,19.98779,24.15098,26.83852,CLOSE
66.42749,21.20009,22.40622,26.18362,CLOSE
71.49436,24.09407,21.93216,26.35685,CLOSE
68.51907,27.06649,22.29655,26.32208,CLOSE
67.11108,30.87886,25.36225,23.62349,CLOSE
67.71638,27.14967,21.41449,29.33949,CLOSE
65.17174,27.18468,19.65728,28.20901,CLOSE
54.88948,19.81072,24.94996,27.0706,CLOSE
49.4562,18.32401,24.36782,27.16746,CLOSE
52.14172,18.29038,30.58168,24.15685,CLOSE
56.24154,22.95198,26.51054,24.95519,CLOSE
63.18493,27.49652,25.21298,26.56408,CLOSE
70.37922,27.72552,24.87714,26.78966,CLOSE
68.66628,25.07571,24.094,26.57801,CLOSE
67.23116,25.87547,23.55838,26.56031,CLOSE
61.18946,27.16212,23.00414,26.53795,CLOSE
56.39429,26.36017,22.94864,26.2687,CLOSE
54.67019,26.34814,22.83534,26.29627,CLOSE
54.07535,25.68981,22.66768,26.3445,CLOSE
54.27896,24.13245,21.83389,26.30374,CLOSE
54.88122,22.62177,20.74389,25.83945,CLOSE
50.5864,16.86076,20.00001,24.37071,CLOSE
46.66154,14.09093,18.63596,21.01311,CLOSE
45.90416,13.34119,16.85302,19.62867,CLOSE
44.5713,10.22231,16.1417,20.13669,CLOSE
43.05553,8.77006,14.42009,19.62367,CLOSE
43.55259,8.549642,14.13991,18.85504,CLOSE
44.64738,8.436871,14.92577,19.12113,CLOSE
44.86486,8.78029,14.97575,19.45128,CLOSE
43.71472,7.789488,14.8656,20.11985,CLOSE
39.5604,5.712819,14.86835,19.34481,CLOSE
35.69649,5.950155,14.48089,18.40062,CLOSE
33.4262,6.417777,15.35625,18.08527,CLOSE
33.27259,7.326568,15.68269,19.07401,CLOSE
34.4758,8.129607,15.9067,20.04848,CLOSE
35.45966,8.434752,15.77683,20.77744,CLOSE
37.88372,8.239166,15.64197,21.92899,CLOSE
40.20831,8.433076,15.87994,22.36342,CLOSE
49.47573,12.06063,19.42087,24.41505,CLOSE
61.27568,18.1468,23.66274,24.84687,CLOSE
72.28642,25.90473,24.19518,26.09722,CLOSE
69.16094,21.60223,25.28337,24.86271,CLOSE
66.29162,23.28686,23.41644,22.7965,CLOSE
44.77166,21.19777,22.92805,23.8452,CLOSE
43.72454,14.09189,20.72967,24.91302,CLOSE
48.05653,11.4925,17.45748,24.83591,CLOSE
48.61744,10.35556,17.93905,26.05684,CLOSE
49.84266,11.71216,19.41921,28.3889,CLOSE
47.14496,12.70295,20.9417,29.44012,CLOSE
46.87783,13.89623,23.58673,27.44273,CLOSE
45.91411,14.94254,22.34935,27.23361,CLOSE
45.66254,15.24687,24.38451,26.51007,CLOSE
45.23636,16.72083,25.64881,26.1469,CLOSE
51.76805,16.45459,24.36937,26.60785,CLOSE
53.89022,13.87996,20.84948,24.36139,CLOSE
49.20679,12.97616,16.10712,20.4485,CLOSE
45.53786,10.03917,14.72516,20.17395,CLOSE
41.62666,9.022515,13.89363,18.74297,CLOSE
41.5509,8.789994,14.18804,18.67846,CLOSE
43.79815,9.309052,15.07269,19.66319,CLOSE
44.94927,9.843786,15.26968,20.37305,CLOSE
46.76766,10.69135,16.02565,21.72988,CLOSE
50.35194,11.9939,17.72429,23.31432,CLOSE
54.17595,13.70174,20.29299,24.35904,CLOSE
58.15921,16.23994,22.77799,24.26538,CLOSE
66.22646,22.20462,24.39065,24.698,CLOSE
71.93036,26.60878,24.41568,25.7431,CLOSE
75.96735,29.2425,25.98628,27.2864,CLOSE
63.5014,22.41371,26.11263,26.47756,CLOSE
44.37034,16.15624,21.03993,26.13637,CLOSE
37.00399,11.17043,17.7537,24.72273,CLOSE
31.03745,8.076887,15.07493,20.11057,CLOSE
33.39747,6.979322,13.39549,18.00808,CLOSE
38.96461,6.429803,14.8328,17.69959,CLOSE
43.23942,7.454273,15.88092,19.47169,CLOSE
46.17215,8.933953,16.44614,21.97334,CLOSE
46.17501,8.914339,16.33299,20.72847,CLOSE
44.05962,8.775053,16.02529,19.46282,CLOSE
42.05691,7.8733,15.43813,17.96523,CLOSE
40.63632,7.386605,14.74936,16.63023,CLOSE
40.64219,7.44819,13.45449,16.43008,CLOSE
41.84882,7.480682,12.27286,16.18488,CLOSE
43.25132,7.348548,11.63245,15.78747,CLOSE
44.10644,7.402606,11.14113,15.52036,CLOSE
44.62492,7.547641,11.75718,16.48612,CLOSE
43.96864,7.269683,12.83927,17.90014,CLOSE
44.82677,9.005077,15.60117,22.09953,CLOSE
45.3539,11.98454,20.26927,27.53325,CLOSE
47.05677,14.6323,25.19637,27.70059,CLOSE
46.53003,16.53697,26.90115,27.18409,CLOSE
47.97356,16.6675,24.2945,27.21544,CLOSE
54.16965,13.82927,21.14805,26.67494,CLOSE
50.83705,13.5141,17.9801,20.45694,CLOSE
47.00466,12.9137,16.55052,20.04157,CLOSE
43.74305,11.00185,16.75312,19.80847,CLOSE
41.38573,9.290983,15.90542,19.46479,CLOSE
40.56035,8.865943,15.54989,19.1392,CLOSE
40.86843,8.774784,15.12444,19.17006,CLOSE
38.03953,6.707651,13.62298,18.47371,CLOSE
35.81524,7.337086,13.91559,18.63895,CLOSE
37.28015,8.25193,14.43729,20.94419,CLOSE
38.1293,8.349719,15.66295,23.515,CLOSE
41.87822,12.20612,18.41634,25.70964,CLOSE
50.21937,17.23089,22.81667,25.72232,CLOSE
60.4355,19.60077,23.71858,27.327,CLOSE
65.4719,18.05936,23.22322,26.5982,CLOSE
48.8285,19.92484,22.89705,25.5847,CLOSE
40.24927,13.53874,20.849,24.05027,CLOSE
36.44923,10.48466,18.08513,23.97389,CLOSE
40.60729,11.48456,21.10964,26.918,CLOSE
46.6724,14.10062,24.89132,27.17135,CLOSE
45.77712,17.38715,24.75271,25.81673,CLOSE
43.67809,16.68238,23.35879,26.08816,CLOSE
43.7052,16.5435,23.37367,26.16575,CLOSE
46.41655,16.73585,22.6416,26.55341,CLOSE
45.23088,20.44427,24.30613,26.87296,CLOSE
46.49976,16.92884,24.57745,26.61688,CLOSE
43.32569,14.21645,21.52343,25.58201,CLOSE
46.73444,13.81782,17.97571,20.75748,CLOSE
42.48509,10.81196,16.15038,18.14417,CLOSE
39.68545,8.555359,15.45007,17.10506,CLOSE
38.42839,6.942576,13.60556,16.57878,CLOSE
34.92914,6.664003,13.12729,16.51067,CLOSE
35.81567,7.817407,14.18961,19.62166,CLOSE
37.30132,8.720509,15.1603,22.45975,CLOSE
40.47435,9.85315,17.15085,23.8473,CLOSE
44.47277,13.45709,19.27527,25.51627,CLOSE
43.16911,16.82097,26.09644,24.4975,CLOSE
50.49948,21.82812,22.63277,25.15337,CLOSE
64.82727,21.76236,21.9635,26.46658,CLOSE
63.87331,18.50029,22.70379,26.73699,CLOSE
61.76567,17.85215,22.167,26.95546,CLOSE
62.85229,18.2252,22.61225,24.31245,CLOSE
58.62116,19.60315,24.39147,22.10585,CLOSE
42.9706,19.74517,26.31371,23.17707,CLOSE
50.35421,19.32894,26.96136,24.64477,CLOSE
52.04351,19.4442,26.75557,24.50875,CLOSE
49.65657,20.41745,24.12159,25.67638,CLOSE
45.44496,19.86789,24.11181,26.22914,CLOSE
46.70255,20.93762,25.36758,26.29252,CLOSE
55.85049,15.7063,23.32481,26.76694,CLOSE
55.68076,14.26929,21.1998,24.09592,CLOSE
50.38103,13.08469,17.82168,23.39473,CLOSE
51.67835,12.48864,19.02909,24.29219,CLOSE
51.72412,13.04966,20.78332,23.01232,CLOSE
56.83112,14.7911,22.22987,24.9719,CLOSE
59.06269,15.3315,23.28574,25.73351,CLOSE
59.54829,16.75585,24.5035,26.05865,CLOSE
60.73691,18.45986,24.5063,27.25206,CLOSE
51.44578,20.7748,23.47456,23.64517,CLOSE
46.83744,17.60065,24.0862,23.00584,CLOSE
41.34063,12.54725,17.34814,24.48086,CLOSE
39.61869,9.588433,15.32705,22.12923,CLOSE
38.21639,8.627712,14.70827,21.02371,CLOSE
33.73263,10.50845,18.37054,23.42701,CLOSE
34.71031,10.60948,19.26953,23.91166,CLOSE
37.82713,10.76128,19.95487,25.37941,CLOSE
39.64555,11.5638,20.3577,28.12854,CLOSE
41.50101,11.68585,19.01289,28.32252,CLOSE
42.6678,11.32309,17.66157,26.51495,CLOSE
42.41578,10.7637,17.01912,25.55714,CLOSE
40.58256,10.23873,17.08234,24.28567,CLOSE
39.7939,9.842528,16.97851,23.31738,CLOSE
39.88736,9.513101,16.74858,22.95791,CLOSE
40.61646,9.890022,17.38698,24.76706,CLOSE
41.35995,10.86279,18.07825,26.78356,CLOSE
41.413,11.07313,18.36998,26.94632,CLOSE
41.25752,11.05206,18.69009,26.77885,CLOSE
39.97274,11.05731,18.68013,25.54711,CLOSE
39.14442,10.77804,19.10355,25.19981,CLOSE
39.55357,10.67232,19.79212,25.94417,CLOSE
42.04924,10.54169,19.69324,26.79677,CLOSE
43.11133,10.52265,19.70148,26.89435,CLOSE
43.50716,9.941962,18.97417,25.12739,CLOSE
43.13527,9.558289,18.37064,23.68291,CLOSE
42.57346,9.040072,17.92177,22.59232,CLOSE
42.86141,8.671584,17.8058,22.66892,CLOSE
43.1034,8.630921,18.01424,23.32908,CLOSE
41.91795,8.64652,17.82489,22.81563,CLOSE
40.19625,8.776374,17.3381,21.8844,CLOSE
39.67909,8.914559,17.12949,21.44422,CLOSE
40.00525,8.848576,17.54922,21.98019,CLOSE
40.6133,9.126278,18.35731,23.19455,CLOSE
40.71048,9.276483,18.7324,23.69245,CLOSE
40.57363,9.079999,18.27966,23.11331,CLOSE
39.83561,8.901812,17.43051,21.97887,CLOSE
39.50672,8.85794,17.43633,21.69883,CLOSE
40.70801,9.176031,18.42797,23.11477,CLOSE
42.11785,9.225051,18.76314,23.85452,CLOSE
42.87025,9.497943,19.10175,24.39616,CLOSE
42.77737,9.39896,18.21518,23.37119,CLOSE
44.95929,9.888988,17.07316,22.93818,CLOSE
48.02853,10.39733,17.2368,24.43606,CLOSE
48.25493,10.47307,17.48787,25.80431,CLOSE
46.77127,10.9428,18.70995,26.42659,CLOSE
43.06233,14.55566,23.56838,25.88937,CLOSE
45.18597,21.5949,25.85425,26.00963,CLOSE
47.41678,21.80663,26.87598,26.95469,CLOSE
59.97525,21.23383,25.34846,27.73745,CLOSE
71.19193,23.8757,23.99776,27.23676,CLOSE
71.96902,24.74717,23.62501,26.85892,CLOSE
69.86872,23.34682,23.53833,26.57988,CLOSE
59.63538,16.16654,22.74995,25.57282,CLOSE
58.67082,15.71358,22.21274,25.08618,CLOSE
56.08295,14.67496,20.99617,22.04449,CLOSE
51.05506,10.72404,16.17005,23.72454,CLOSE
47.23367,10.52076,16.44602,22.87027,CLOSE
43.49894,11.44577,15.54039,22.45268,CLOSE
42.48957,11.16474,15.37642,22.72921,CLOSE
42.59229,10.94456,16.13757,22.4269,CLOSE
43.49506,10.81814,16.66757,22.45453,CLOSE
43.48123,10.79793,16.3919,22.49437,CLOSE
43.09816,10.63401,16.32171,22.34953,CLOSE
42.99589,10.68167,16.63607,22.3424,CLOSE
41.86818,10.92656,16.80818,22.35822,CLOSE
40.16513,11.17096,16.53918,22.36491,CLOSE
38.989,11.14426,16.43041,22.23715,CLOSE
38.10467,11.07837,16.30399,21.93721,CLOSE
37.25491,10.92261,16.14147,21.84114,CLOSE
35.99841,10.67162,15.71406,21.23365,CLOSE
34.85905,10.12205,14.92843,19.50184,CLOSE
33.31314,8.928586,14.3018,17.99949,CLOSE
30.20253,7.710169,13.94698,17.34296,CLOSE
28.40442,6.864814,13.97468,17.27471,CLOSE
28.11308,6.461077,13.62942,16.8699,CLOSE
27.2706,6.167041,13.1593,16.17367,CLOSE
26.17848,6.086019,12.80255,15.5416,CLOSE
26.0966,6.152688,13.04742,15.85378,CLOSE
25.76138,6.019072,13.18648,15.947,CLOSE
25.52538,6.006618,13.07999,15.60605,CLOSE
25.4279,5.904119,12.60517,14.9768,CLOSE
25.36498,5.895049,12.39923,14.73202,CLOSE
25.61426,5.811396,12.14423,14.3819,CLOSE
25.71399,5.817633,12.10455,14.41643,CLOSE
26.33701,5.990801,12.30338,14.98297,CLOSE
27.76077,6.176349,12.56894,15.65949,CLOSE
28.66086,6.229762,12.63281,15.89922,CLOSE
31.14968,6.790037,13.23296,17.0088,CLOSE
33.40305,7.774405,14.30656,18.3071,CLOSE
35.78653,9.116563,15.48379,19.25069,CLOSE
36.68119,10.04242,15.72437,19.64109,CLOSE
36.32177,10.11334,15.88386,19.42474,CLOSE
34.77444,9.074154,14.86478,19.26479,CLOSE
33.74582,8.929202,14.70779,19.488,CLOSE
33.74003,9.096668,14.71492,19.71302,CLOSE
34.45713,9.386907,14.75411,20.01139,CLOSE
34.2108,9.542686,14.72764,20.05163,CLOSE
34.66436,9.722594,14.83282,20.13686,CLOSE
34.40795,9.851833,14.93773,20.21193,CLOSE
34.6168,9.878962,15.02355,20.26384,CLOSE
34.43448,9.796792,15.05807,20.24124,CLOSE
34.13365,9.521713,15.02661,20.13723,CLOSE
33.96558,9.543324,15.08568,20.26131,CLOSE
34.20646,9.643327,15.28608,20.61128,CLOSE
34.60322,9.641063,15.27498,20.63037,CLOSE
35.0461,9.503281,15.11631,20.48087,CLOSE
34.87164,9.348701,15.10284,20.44501,CLOSE
34.53284,9.258032,15.10447,20.35935,CLOSE
34.75043,9.224433,15.02623,20.25247,CLOSE
34.94975,9.222472,15.02752,20.21125,CLOSE
33.83348,9.18915,14.81576,20.02783,CLOSE
33.26266,9.143401,14.73263,19.89296,CLOSE
32.99243,9.081428,14.63993,19.69278,CLOSE
34.26424,9.180314,14.80488,20.13175,CLOSE
34.67233,9.327001,14.96164,20.38726,CLOSE
35.06688,9.466475,15.0526,20.63637,CLOSE
35.33134,9.594562,15.11556,20.78015,CLOSE
35.12076,9.49964,15.13989,20.66347,CLOSE
35.21014,9.490614,15.22673,20.65316,CLOSE
35.49197,9.472868,15.27089,20.68755,CLOSE
35.55804,9.524872,15.28275,20.73209,CLOSE
35.35313,9.603409,15.1303,20.69566,CLOSE
35.22113,9.601382,15.01489,20.7047,CLOSE
34.98911,9.656344,15.00856,20.75678,CLOSE
35.13981,9.692234,14.99704,20.73469,CLOSE
35.14258,9.736316,14.8676,20.64133,CLOSE
35.27945,9.730478,14.76705,20.62944,CLOSE
35.44464,9.598126,14.91766,20.641,CLOSE
34.44773,9.335362,15.08329,20.44943,CLOSE
34.06536,9.214606,15.11266,20.37027,CLOSE
33.33289,8.808791,14.97255,19.74781,CLOSE
33.89677,8.924427,15.08389,19.62442,CLOSE
34.17674,9.123393,15.16575,19.62102,CLOSE
34.2879,9.280549,15.10004,19.78363,CLOSE
34.55071,9.429734,15.05683,19.96681,CLOSE
35.16195,9.275338,14.98564,19.86515,CLOSE
35.663,8.845201,14.83064,19.52973,CLOSE
36.97178,8.686476,14.82822,19.55168,CLOSE
37.86913,8.723392,14.88145,19.58039,CLOSE
38.61224,9.375488,14.62555,20.01427,CLOSE
38.94122,10.04966,14.44066,20.32351,CLOSE
38.61079,10.36862,14.39867,20.34534,CLOSE
37.13398,10.34688,14.194,20.04679,CLOSE
35.9563,10.07796,14.08759,19.76083,CLOSE
34.90131,9.082293,13.9525,19.07865,CLOSE